time_index,natural_inflow
0,4.10
1,4.18
2,4.25
3,4.31
4,4.36
5,4.39
6,4.40
7,4.39
8,4.36
9,4.31
10,4.25
11,4.18
12,4.10
13,4.02
14,3.95
15,3.89
16,3.84
17,3.81
18,3.80
19,3.81
20,3.84
21,3.89
22,3.95
23,4.02
24,4.11
25,4.19
26,4.26
27,4.32
28,4.37
29,4.40
30,4.41
31,4.40
32,4.37
33,4.32
34,4.26
35,4.19
36,4.11
37,4.03
38,3.96
39,3.90
40,3.85
41,3.82
42,3.81
43,3.82
44,3.85
45,3.90
46,3.96
47,4.03
48,4.12
49,4.20
50,4.27
51,4.33
52,4.38
53,4.41
54,4.42
55,4.41
56,4.38
57,4.33
58,4.27
59,4.20
60,4.12
61,4.04
62,3.97
63,3.91
64,3.86
65,3.83
66,3.82
67,3.83
68,3.86
69,3.91
70,3.97
71,4.04
72,4.13
73,4.20
74,4.28
75,4.34
76,4.39
77,4.42
78,4.43
79,4.42
80,4.39
81,4.34
82,4.28
83,4.20
84,4.13
85,4.05
86,3.98
87,3.91
88,3.87
89,3.84
90,3.83
91,3.84
92,3.87
93,3.91
94,3.98
95,4.05
96,4.14
97,4.21
98,4.29
99,4.35
100,4.40
101,4.43
102,4.44
103,4.43
104,4.40
105,4.35
106,4.29
107,4.21
108,4.14
109,4.06
110,3.99
111,3.92
112,3.88
113,3.85
114,3.84
115,3.85
116,3.88
117,3.92
118,3.99
119,4.06
120,4.15
121,4.22
122,4.30
123,4.36
124,4.41
125,4.44
126,4.45
127,4.44
128,4.41
129,4.36
130,4.30
131,4.22
132,4.15
133,4.07
134,4.00
135,3.93
136,3.89
137,3.86
138,3.85
139,3.86
140,3.89
141,3.93
142,4.00
143,4.07
144,4.16
145,4.24
146,4.31
147,4.37
148,4.42
149,4.45
150,4.46
151,4.45
152,4.42
153,4.37
154,4.31
155,4.24
156,4.16
157,4.08
158,4.01
159,3.95
160,3.90
161,3.87
162,3.86
163,3.87
164,3.90
165,3.95
166,4.01
167,4.08
168,4.17
169,4.25
170,4.32
171,4.38
172,4.43
173,4.46
174,4.47
175,4.46
176,4.43
177,4.38
178,4.32
179,4.25
180,4.17
181,4.09
182,4.02
183,3.96
184,3.91
185,3.88
186,3.87
187,3.88
188,3.91
189,3.96
190,4.02
191,4.09
192,4.18
193,4.26
194,4.33
195,4.39
196,4.44
197,4.47
198,4.48
199,4.47
200,4.44
201,4.39
202,4.33
203,4.26
204,4.18
205,4.10
206,4.03
207,3.97
208,3.92
209,3.89
210,3.88
211,3.89
212,3.92
213,3.97
214,4.03
215,4.10
216,4.19
217,4.27
218,4.34
219,4.41
220,4.45
221,4.48
222,4.49
223,4.48
224,4.45
225,4.41
226,4.34
227,4.27
228,4.19
229,4.12
230,4.04
231,3.98
232,3.94
233,3.91
234,3.89
235,3.91
236,3.94
237,3.98
238,4.04
239,4.12
240,4.21
241,4.29
242,4.36
243,4.42
244,4.47
245,4.50
246,4.51
247,4.50
248,4.47
249,4.42
250,4.36
251,4.29
252,4.21
253,4.13
254,4.06
255,4.00
256,3.95
257,3.92
258,3.91
259,3.92
260,3.95
261,4.00
262,4.06
263,4.13
264,4.22
265,4.30
266,4.37
267,4.44
268,4.48
269,4.51
270,4.52
271,4.51
272,4.48
273,4.44
274,4.37
275,4.30
276,4.22
277,4.15
278,4.07
279,4.01
280,3.96
281,3.93
282,3.92
283,3.93
284,3.96
285,4.01
286,4.07
287,4.15
288,4.24
289,4.32
290,4.39
291,4.45
292,4.50
293,4.53
294,4.54
295,4.53
296,4.50
297,4.45
298,4.39
299,4.32
300,4.24
301,4.16
302,4.09
303,4.03
304,3.98
305,3.95
306,3.94
307,3.95
308,3.98
309,4.03
310,4.09
311,4.16
312,4.26
313,4.33
314,4.41
315,4.47
316,4.52
317,4.55
318,4.56
319,4.55
320,4.52
321,4.47
322,4.41
323,4.33
324,4.26
325,4.18
326,4.11
327,4.04
328,4.00
329,3.97
330,3.96
331,3.97
332,4.00
333,4.04
334,4.11
335,4.18
336,4.27
337,4.35
338,4.42
339,4.49
340,4.53
341,4.56
342,4.57
343,4.56
344,4.53
345,4.49
346,4.42
347,4.35
348,4.27
349,4.20
350,4.12
351,4.06
352,4.01
353,3.98
354,3.97
355,3.98
356,4.01
357,4.06
358,4.12
359,4.20
360,4.29
361,4.37
362,4.44
363,4.51
364,4.55
365,4.58
366,4.59
367,4.58
368,4.55
369,4.51
370,4.44
371,4.37
372,4.29
373,4.22
374,4.14
375,4.08
376,4.03
377,4.00
378,3.99
379,4.00
380,4.03
381,4.08
382,4.14
383,4.22
384,4.31
385,4.39
386,4.46
387,4.53
388,4.57
389,4.60
390,4.61
391,4.60
392,4.57
393,4.53
394,4.46
395,4.39
396,4.31
397,4.24
398,4.16
399,4.10
400,4.05
401,4.02
402,4.01
403,4.02
404,4.05
405,4.10
406,4.16
407,4.24
408,4.33
409,4.41
410,4.48
411,4.55
412,4.59
413,4.62
414,4.63
415,4.62
416,4.59
417,4.55
418,4.48
419,4.41
420,4.33
421,4.26
422,4.18
423,4.12
424,4.07
425,4.04
426,4.03
427,4.04
428,4.07
429,4.12
430,4.18
431,4.26
432,4.36
433,4.43
434,4.51
435,4.57
436,4.62
437,4.65
438,4.66
439,4.65
440,4.62
441,4.57
442,4.51
443,4.43
444,4.36
445,4.28
446,4.21
447,4.14
448,4.10
449,4.07
450,4.06
451,4.07
452,4.10
453,4.14
454,4.21
455,4.28
456,4.38
457,4.46
458,4.53
459,4.59
460,4.64
461,4.67
462,4.68
463,4.67
464,4.64
465,4.59
466,4.53
467,4.46
468,4.38
469,4.30
470,4.23
471,4.17
472,4.12
473,4.09
474,4.08
475,4.09
476,4.12
477,4.17
478,4.23
479,4.30
480,4.40
481,4.48
482,4.55
483,4.62
484,4.66
485,4.69
486,4.70
487,4.69
488,4.66
489,4.62
490,4.55
491,4.48
492,4.40
493,4.33
494,4.25
495,4.19
496,4.15
497,4.12
498,4.10
499,4.12
500,4.15
501,4.19
502,4.25
503,4.33
504,4.43
505,4.51
506,4.58
507,4.64
508,4.69
509,4.72
510,4.73
511,4.72
512,4.69
513,4.64
514,4.58
515,4.51
516,4.43
517,4.35
518,4.28
519,4.22
520,4.17
521,4.14
522,4.13
523,4.14
524,4.17
525,4.22
526,4.28
527,4.35
528,4.46
529,4.54
530,4.61
531,4.67
532,4.72
533,4.75
534,4.76
535,4.75
536,4.72
537,4.67
538,4.61
539,4.54
540,4.46
541,4.38
542,4.31
543,4.25
544,4.20
545,4.17
546,4.16
547,4.17
548,4.20
549,4.25
550,4.31
551,4.38
552,4.49
553,4.57
554,4.64
555,4.70
556,4.75
557,4.78
558,4.79
559,4.78
560,4.75
561,4.70
562,4.64
563,4.57
564,4.49
565,4.41
566,4.34
567,4.28
568,4.23
569,4.20
570,4.19
571,4.20
572,4.23
573,4.28
574,4.34
575,4.41
576,4.52
577,4.60
578,4.67
579,4.73
580,4.78
581,4.81
582,4.82
583,4.81
584,4.78
585,4.73
586,4.67
587,4.60
588,4.52
589,4.44
590,4.37
591,4.31
592,4.26
593,4.23
594,4.22
595,4.23
596,4.26
597,4.31
598,4.37
599,4.44
600,4.55
601,4.63
602,4.70
603,4.76
604,4.81
605,4.84
606,4.85
607,4.84
608,4.81
609,4.76
610,4.70
611,4.63
612,4.55
613,4.47
614,4.40
615,4.34
616,4.29
617,4.26
618,4.25
619,4.26
620,4.29
621,4.34
622,4.40
623,4.47
624,4.58
625,4.66
626,4.73
627,4.80
628,4.84
629,4.87
630,4.88
631,4.87
632,4.84
633,4.80
634,4.73
635,4.66
636,4.58
637,4.51
638,4.43
639,4.37
640,4.32
641,4.29
642,4.28
643,4.29
644,4.32
645,4.37
646,4.43
647,4.51
648,4.62
649,4.70
650,4.77
651,4.83
652,4.88
653,4.91
654,4.92
655,4.91
656,4.88
657,4.83
658,4.77
659,4.70
660,4.62
661,4.54
662,4.47
663,4.41
664,4.36
665,4.33
666,4.32
667,4.33
668,4.36
669,4.41
670,4.47
671,4.54
672,4.66
673,4.73
674,4.81
675,4.87
676,4.92
677,4.95
678,4.96
679,4.95
680,4.92
681,4.87
682,4.81
683,4.73
684,4.66
685,4.58
686,4.51
687,4.44
688,4.40
689,4.37
690,4.36
691,4.37
692,4.40
693,4.44
694,4.51
695,4.58
696,4.69
697,4.77
698,4.84
699,4.91
700,4.95
701,4.98
702,4.99
703,4.98
704,4.95
705,4.91
706,4.84
707,4.77
708,4.69
709,4.62
710,4.54
711,4.48
712,4.43
713,4.40
714,4.39
715,4.40
716,4.43
717,4.48
718,4.54
719,4.62
720,4.73
721,4.81
722,4.88
723,4.95
724,4.99
725,5.02
726,5.03
727,5.02
728,4.99
729,4.95
730,4.88
731,4.81
732,4.73
733,4.66
734,4.58
735,4.52
736,4.47
737,4.44
738,4.43
739,4.44
740,4.47
741,4.52
742,4.58
743,4.66
744,4.78
745,4.85
746,4.93
747,4.99
748,5.04
749,5.07
750,5.08
751,5.07
752,5.04
753,4.99
754,4.93
755,4.85
756,4.78
757,4.70
758,4.63
759,4.56
760,4.52
761,4.49
762,4.48
763,4.49
764,4.52
765,4.56
766,4.63
767,4.70
768,4.82
769,4.90
770,4.97
771,5.03
772,5.08
773,5.11
774,5.12
775,5.11
776,5.08
777,5.03
778,4.97
779,4.90
780,4.82
781,4.74
782,4.67
783,4.61
784,4.56
785,4.53
786,4.52
787,4.53
788,4.56
789,4.61
790,4.67
791,4.74
792,4.87
793,4.94
794,5.02
795,5.08
796,5.13
797,5.16
798,5.17
799,5.16
800,5.13
801,5.08
802,5.02
803,4.94
804,4.87
805,4.79
806,4.72
807,4.65
808,4.61
809,4.58
810,4.57
811,4.58
812,4.61
813,4.65
814,4.72
815,4.79
816,4.91
817,4.99
818,5.06
819,5.13
820,5.17
821,5.20
822,5.21
823,5.20
824,5.17
825,5.13
826,5.06
827,4.99
828,4.91
829,4.84
830,4.76
831,4.70
832,4.65
833,4.62
834,4.61
835,4.62
836,4.65
837,4.70
838,4.76
839,4.84
840,4.96
841,5.04
842,5.11
843,5.18
844,5.22
845,5.25
846,5.26
847,5.25
848,5.22
849,5.18
850,5.11
851,5.04
852,4.96
853,4.89
854,4.81
855,4.75
856,4.70
857,4.67
858,4.66
859,4.67
860,4.70
861,4.75
862,4.81
863,4.89
864,5.02
865,5.09
866,5.17
867,5.23
868,5.28
869,5.31
870,5.32
871,5.31
872,5.28
873,5.23
874,5.17
875,5.09
876,5.02
877,4.94
878,4.87
879,4.80
880,4.76
881,4.73
882,4.72
883,4.73
884,4.76
885,4.80
886,4.87
887,4.94
888,5.07
889,5.15
890,5.22
891,5.28
892,5.33
893,5.36
894,5.37
895,5.36
896,5.33
897,5.28
898,5.22
899,5.15
900,5.07
901,4.99
902,4.92
903,4.86
904,4.81
905,4.78
906,4.77
907,4.78
908,4.81
909,4.86
910,4.92
911,4.99
912,5.13
913,5.20
914,5.28
915,5.34
916,5.39
917,5.42
918,5.43
919,5.42
920,5.39
921,5.34
922,5.28
923,5.20
924,5.13
925,5.05
926,4.98
927,4.91
928,4.87
929,4.84
930,4.83
931,4.84
932,4.87
933,4.91
934,4.98
935,5.05
936,5.19
937,5.26
938,5.34
939,5.40
940,5.45
941,5.48
942,5.49
943,5.48
944,5.45
945,5.40
946,5.34
947,5.26
948,5.19
949,5.11
950,5.04
951,4.97
952,4.93
953,4.90
954,4.89
955,4.90
956,4.93
957,4.97
958,5.04
959,5.11
960,5.25
961,5.32
962,5.40
963,5.46
964,5.51
965,5.54
966,5.55
967,5.54
968,5.51
969,5.46
970,5.40
971,5.32
972,5.25
973,5.17
974,5.10
975,5.03
976,4.99
977,4.96
978,4.95
979,4.96
980,4.99
981,5.03
982,5.10
983,5.17
984,5.31
985,5.39
986,5.46
987,5.52
988,5.57
989,5.60
990,5.61
991,5.60
992,5.57
993,5.52
994,5.46
995,5.39
996,5.31
997,5.23
998,5.16
999,5.10
1000,5.05
1001,5.02
1002,5.01
1003,5.02
1004,5.05
1005,5.10
1006,5.16
1007,5.23
1008,5.37
1009,5.45
1010,5.52
1011,5.59
1012,5.63
1013,5.66
1014,5.67
1015,5.66
1016,5.63
1017,5.59
1018,5.52
1019,5.45
1020,5.37
1021,5.30
1022,5.22
1023,5.16
1024,5.11
1025,5.08
1026,5.07
1027,5.08
1028,5.11
1029,5.16
1030,5.22
1031,5.30
1032,5.44
1033,5.52
1034,5.59
1035,5.65
1036,5.70
1037,5.73
1038,5.74
1039,5.73
1040,5.70
1041,5.65
1042,5.59
1043,5.52
1044,5.44
1045,5.36
1046,5.29
1047,5.23
1048,5.18
1049,5.15
1050,5.14
1051,5.15
1052,5.18
1053,5.23
1054,5.29
1055,5.36
1056,5.51
1057,5.59
1058,5.66
1059,5.72
1060,5.77
1061,5.80
1062,5.81
1063,5.80
1064,5.77
1065,5.72
1066,5.66
1067,5.59
1068,5.51
1069,5.43
1070,5.36
1071,5.30
1072,5.25
1073,5.22
1074,5.21
1075,5.22
1076,5.25
1077,5.30
1078,5.36
1079,5.43
1080,5.58
1081,5.66
1082,5.73
1083,5.80
1084,5.84
1085,5.87
1086,5.88
1087,5.87
1088,5.84
1089,5.80
1090,5.73
1091,5.66
1092,5.58
1093,5.51
1094,5.43
1095,5.37
1096,5.32
1097,5.29
1098,5.28
1099,5.29
1100,5.32
1101,5.37
1102,5.43
1103,5.51
1104,5.66
1105,5.74
1106,5.81
1107,5.87
1108,5.92
1109,5.95
1110,5.96
1111,5.95
1112,5.92
1113,5.87
1114,5.81
1115,5.74
1116,5.66
1117,5.58
1118,5.51
1119,5.45
1120,5.40
1121,5.37
1122,5.36
1123,5.37
1124,5.40
1125,5.45
1126,5.51
1127,5.58
1128,5.73
1129,5.81
1130,5.88
1131,5.95
1132,5.99
1133,6.02
1134,6.03
1135,6.02
1136,5.99
1137,5.95
1138,5.88
1139,5.81
1140,5.73
1141,5.66
1142,5.58
1143,5.52
1144,5.47
1145,5.44
1146,5.43
1147,5.44
1148,5.47
1149,5.52
1150,5.58
1151,5.66
1152,5.81
1153,5.89
1154,5.96
1155,6.03
1156,6.07
1157,6.10
1158,6.11
1159,6.10
1160,6.07
1161,6.03
1162,5.96
1163,5.89
1164,5.81
1165,5.74
1166,5.66
1167,5.60
1168,5.55
1169,5.52
1170,5.51
1171,5.52
1172,5.55
1173,5.60
1174,5.66
1175,5.74
1176,5.90
1177,5.97
1178,6.05
1179,6.11
1180,6.16
1181,6.19
1182,6.20
1183,6.19
1184,6.16
1185,6.11
1186,6.05
1187,5.97
1188,5.90
1189,5.82
1190,5.75
1191,5.68
1192,5.64
1193,5.61
1194,5.60
1195,5.61
1196,5.64
1197,5.68
1198,5.75
1199,5.82
1200,5.98
1201,6.06
1202,6.13
1203,6.19
1204,6.24
1205,6.27
1206,6.28
1207,6.27
1208,6.24
1209,6.19
1210,6.13
1211,6.06
1212,5.98
1213,5.90
1214,5.83
1215,5.77
1216,5.72
1217,5.69
1218,5.68
1219,5.69
1220,5.72
1221,5.77
1222,5.83
1223,5.90
1224,6.07
1225,6.14
1226,6.22
1227,6.28
1228,6.33
1229,6.36
1230,6.37
1231,6.36
1232,6.33
1233,6.28
1234,6.22
1235,6.14
1236,6.07
1237,5.99
1238,5.92
1239,5.85
1240,5.81
1241,5.78
1242,5.77
1243,5.78
1244,5.81
1245,5.85
1246,5.92
1247,5.99
1248,6.15
1249,6.23
1250,6.30
1251,6.37
1252,6.41
1253,6.44
1254,6.45
1255,6.44
1256,6.41
1257,6.37
1258,6.30
1259,6.23
1260,6.15
1261,6.08
1262,6.00
1263,5.94
1264,5.89
1265,5.86
1266,5.85
1267,5.86
1268,5.89
1269,5.94
1270,6.00
1271,6.08
1272,6.24
1273,6.32
1274,6.39
1275,6.46
1276,6.50
1277,6.53
1278,6.54
1279,6.53
1280,6.50
1281,6.46
1282,6.39
1283,6.32
1284,6.24
1285,6.17
1286,6.09
1287,6.03
1288,5.99
1289,5.96
1290,5.94
1291,5.96
1292,5.99
1293,6.03
1294,6.09
1295,6.17
1296,6.34
1297,6.42
1298,6.49
1299,6.55
1300,6.60
1301,6.63
1302,6.64
1303,6.63
1304,6.60
1305,6.55
1306,6.49
1307,6.42
1308,6.34
1309,6.26
1310,6.19
1311,6.13
1312,6.08
1313,6.05
1314,6.04
1315,6.05
1316,6.08
1317,6.13
1318,6.19
1319,6.26
1320,6.43
1321,6.51
1322,6.58
1323,6.65
1324,6.69
1325,6.72
1326,6.73
1327,6.72
1328,6.69
1329,6.65
1330,6.58
1331,6.51
1332,6.43
1333,6.36
1334,6.28
1335,6.22
1336,6.17
1337,6.14
1338,6.13
1339,6.14
1340,6.17
1341,6.22
1342,6.28
1343,6.36
1344,6.53
1345,6.61
1346,6.68
1347,6.74
1348,6.79
1349,6.82
1350,6.83
1351,6.82
1352,6.79
1353,6.74
1354,6.68
1355,6.61
1356,6.53
1357,6.45
1358,6.38
1359,6.32
1360,6.27
1361,6.24
1362,6.23
1363,6.24
1364,6.27
1365,6.32
1366,6.38
1367,6.45
1368,6.63
1369,6.71
1370,6.78
1371,6.84
1372,6.89
1373,6.92
1374,6.93
1375,6.92
1376,6.89
1377,6.84
1378,6.78
1379,6.71
1380,6.63
1381,6.55
1382,6.48
1383,6.42
1384,6.37
1385,6.34
1386,6.33
1387,6.34
1388,6.37
1389,6.42
1390,6.48
1391,6.55
1392,6.73
1393,6.81
1394,6.88
1395,6.95
1396,6.99
1397,7.02
1398,7.03
1399,7.02
1400,6.99
1401,6.95
1402,6.88
1403,6.81
1404,6.73
1405,6.66
1406,6.58
1407,6.52
1408,6.47
1409,6.44
1410,6.43
1411,6.44
1412,6.47
1413,6.52
1414,6.58
1415,6.66
1416,6.84
1417,6.91
1418,6.99
1419,7.05
1420,7.10
1421,7.13
1422,7.14
1423,7.13
1424,7.10
1425,7.05
1426,6.99
1427,6.91
1428,6.84
1429,6.76
1430,6.69
1431,6.62
1432,6.58
1433,6.55
1434,6.54
1435,6.55
1436,6.58
1437,6.62
1438,6.69
1439,6.76
1440,6.94
1441,7.02
1442,7.09
1443,7.16
1444,7.20
1445,7.23
1446,7.24
1447,7.23
1448,7.20
1449,7.16
1450,7.09
1451,7.02
1452,6.94
1453,6.87
1454,6.79
1455,6.73
1456,6.68
1457,6.65
1458,6.64
1459,6.65
1460,6.68
1461,6.73
1462,6.79
1463,6.87
1464,7.05
1465,7.13
1466,7.20
1467,7.26
1468,7.31
1469,7.34
1470,7.35
1471,7.34
1472,7.31
1473,7.26
1474,7.20
1475,7.13
1476,7.05
1477,6.97
1478,6.90
1479,6.84
1480,6.79
1481,6.76
1482,6.75
1483,6.76
1484,6.79
1485,6.84
1486,6.90
1487,6.97
1488,7.16
1489,7.24
1490,7.31
1491,7.37
1492,7.42
1493,7.45
1494,7.46
1495,7.45
1496,7.42
1497,7.37
1498,7.31
1499,7.24
1500,7.16
1501,7.08
1502,7.01
1503,6.95
1504,6.90
1505,6.87
1506,6.86
1507,6.87
1508,6.90
1509,6.95
1510,7.01
1511,7.08
1512,7.27
1513,7.35
1514,7.42
1515,7.48
1516,7.53
1517,7.56
1518,7.57
1519,7.56
1520,7.53
1521,7.48
1522,7.42
1523,7.35
1524,7.27
1525,7.19
1526,7.12
1527,7.06
1528,7.01
1529,6.98
1530,6.97
1531,6.98
1532,7.01
1533,7.06
1534,7.12
1535,7.19
1536,7.39
1537,7.46
1538,7.54
1539,7.60
1540,7.65
1541,7.68
1542,7.69
1543,7.68
1544,7.65
1545,7.60
1546,7.54
1547,7.46
1548,7.39
1549,7.31
1550,7.24
1551,7.17
1552,7.13
1553,7.10
1554,7.09
1555,7.10
1556,7.13
1557,7.17
1558,7.24
1559,7.31
1560,7.50
1561,7.58
1562,7.65
1563,7.71
1564,7.76
1565,7.79
1566,7.80
1567,7.79
1568,7.76
1569,7.71
1570,7.65
1571,7.58
1572,7.50
1573,7.42
1574,7.35
1575,7.29
1576,7.24
1577,7.21
1578,7.20
1579,7.21
1580,7.24
1581,7.29
1582,7.35
1583,7.42
1584,7.62
1585,7.69
1586,7.77
1587,7.83
1588,7.88
1589,7.91
1590,7.92
1591,7.91
1592,7.88
1593,7.83
1594,7.77
1595,7.69
1596,7.62
1597,7.54
1598,7.47
1599,7.41
1600,7.36
1601,7.33
1602,7.32
1603,7.33
1604,7.36
1605,7.41
1606,7.47
1607,7.54
1608,7.74
1609,7.81
1610,7.89
1611,7.95
1612,7.99
1613,8.02
1614,8.04
1615,8.02
1616,7.99
1617,7.95
1618,7.89
1619,7.81
1620,7.74
1621,7.66
1622,7.59
1623,7.52
1624,7.48
1625,7.45
1626,7.44
1627,7.45
1628,7.48
1629,7.52
1630,7.59
1631,7.66
1632,7.85
1633,7.93
1634,8.00
1635,8.07
1636,8.11
1637,8.14
1638,8.15
1639,8.14
1640,8.11
1641,8.07
1642,8.00
1643,7.93
1644,7.85
1645,7.78
1646,7.70
1647,7.64
1648,7.59
1649,7.56
1650,7.55
1651,7.56
1652,7.59
1653,7.64
1654,7.70
1655,7.78
1656,7.97
1657,8.05
1658,8.12
1659,8.19
1660,8.23
1661,8.26
1662,8.27
1663,8.26
1664,8.23
1665,8.19
1666,8.12
1667,8.05
1668,7.97
1669,7.90
1670,7.82
1671,7.76
1672,7.71
1673,7.68
1674,7.67
1675,7.68
1676,7.71
1677,7.76
1678,7.82
1679,7.90
1680,8.10
1681,8.17
1682,8.25
1683,8.31
1684,8.36
1685,8.39
1686,8.40
1687,8.39
1688,8.36
1689,8.31
1690,8.25
1691,8.17
1692,8.10
1693,8.02
1694,7.95
1695,7.88
1696,7.84
1697,7.81
1698,7.80
1699,7.81
1700,7.84
1701,7.88
1702,7.95
1703,8.02
1704,8.22
1705,8.30
1706,8.37
1707,8.43
1708,8.48
1709,8.51
1710,8.52
1711,8.51
1712,8.48
1713,8.43
1714,8.37
1715,8.30
1716,8.22
1717,8.14
1718,8.07
1719,8.01
1720,7.96
1721,7.93
1722,7.92
1723,7.93
1724,7.96
1725,8.01
1726,8.07
1727,8.14
1728,8.34
1729,8.42
1730,8.49
1731,8.55
1732,8.60
1733,8.63
1734,8.64
1735,8.63
1736,8.60
1737,8.55
1738,8.49
1739,8.42
1740,8.34
1741,8.26
1742,8.19
1743,8.13
1744,8.08
1745,8.05
1746,8.04
1747,8.05
1748,8.08
1749,8.13
1750,8.19
1751,8.26
1752,8.47
1753,8.54
1754,8.62
1755,8.68
1756,8.72
1757,8.75
1758,8.77
1759,8.75
1760,8.72
1761,8.68
1762,8.62
1763,8.54
1764,8.47
1765,8.39
1766,8.32
1767,8.25
1768,8.21
1769,8.18
1770,8.17
1771,8.18
1772,8.21
1773,8.25
1774,8.32
1775,8.39
1776,8.59
1777,8.67
1778,8.74
1779,8.80
1780,8.85
1781,8.88
1782,8.89
1783,8.88
1784,8.85
1785,8.80
1786,8.74
1787,8.67
1788,8.59
1789,8.51
1790,8.44
1791,8.38
1792,8.33
1793,8.30
1794,8.29
1795,8.30
1796,8.33
1797,8.38
1798,8.44
1799,8.51
1800,8.71
1801,8.79
1802,8.86
1803,8.93
1804,8.97
1805,9.00
1806,9.01
1807,9.00
1808,8.97
1809,8.93
1810,8.86
1811,8.79
1812,8.71
1813,8.64
1814,8.56
1815,8.50
1816,8.45
1817,8.42
1818,8.41
1819,8.42
1820,8.45
1821,8.50
1822,8.56
1823,8.64
1824,8.84
1825,8.92
1826,8.99
1827,9.05
1828,9.10
1829,9.13
1830,9.14
1831,9.13
1832,9.10
1833,9.05
1834,8.99
1835,8.92
1836,8.84
1837,8.76
1838,8.69
1839,8.63
1840,8.58
1841,8.55
1842,8.54
1843,8.55
1844,8.58
1845,8.63
1846,8.69
1847,8.76
1848,8.96
1849,9.04
1850,9.11
1851,9.18
1852,9.22
1853,9.25
1854,9.26
1855,9.25
1856,9.22
1857,9.18
1858,9.11
1859,9.04
1860,8.96
1861,8.89
1862,8.81
1863,8.75
1864,8.70
1865,8.67
1866,8.66
1867,8.67
1868,8.70
1869,8.75
1870,8.81
1871,8.89
1872,9.09
1873,9.17
1874,9.24
1875,9.30
1876,9.35
1877,9.38
1878,9.39
1879,9.38
1880,9.35
1881,9.30
1882,9.24
1883,9.17
1884,9.09
1885,9.01
1886,8.94
1887,8.88
1888,8.83
1889,8.80
1890,8.79
1891,8.80
1892,8.83
1893,8.88
1894,8.94
1895,9.01
1896,9.21
1897,9.29
1898,9.36
1899,9.42
1900,9.47
1901,9.50
1902,9.51
1903,9.50
1904,9.47
1905,9.42
1906,9.36
1907,9.29
1908,9.21
1909,9.13
1910,9.06
1911,9.00
1912,8.95
1913,8.92
1914,8.91
1915,8.92
1916,8.95
1917,9.00
1918,9.06
1919,9.13
1920,9.34
1921,9.41
1922,9.49
1923,9.55
1924,9.60
1925,9.63
1926,9.64
1927,9.63
1928,9.60
1929,9.55
1930,9.49
1931,9.41
1932,9.34
1933,9.26
1934,9.19
1935,9.12
1936,9.08
1937,9.05
1938,9.04
1939,9.05
1940,9.08
1941,9.12
1942,9.19
1943,9.26
1944,9.46
1945,9.54
1946,9.61
1947,9.67
1948,9.72
1949,9.75
1950,9.76
1951,9.75
1952,9.72
1953,9.67
1954,9.61
1955,9.54
1956,9.46
1957,9.38
1958,9.31
1959,9.25
1960,9.20
1961,9.17
1962,9.16
1963,9.17
1964,9.20
1965,9.25
1966,9.31
1967,9.38
1968,9.58
1969,9.66
1970,9.73
1971,9.79
1972,9.84
1973,9.87
1974,9.88
1975,9.87
1976,9.84
1977,9.79
1978,9.73
1979,9.66
1980,9.58
1981,9.50
1982,9.43
1983,9.37
1984,9.32
1985,9.29
1986,9.28
1987,9.29
1988,9.32
1989,9.37
1990,9.43
1991,9.50
1992,9.70
1993,9.78
1994,9.85
1995,9.91
1996,9.96
1997,9.99
1998,10.00
1999,9.99
2000,9.96
2001,9.91
2002,9.85
2003,9.78
2004,9.70
2005,9.62
2006,9.55
2007,9.49
2008,9.44
2009,9.41
2010,9.40
2011,9.41
2012,9.44
2013,9.49
2014,9.55
2015,9.62
2016,9.82
2017,9.90
2018,9.97
2019,10.03
2020,10.08
2021,10.11
2022,10.12
2023,10.11
2024,10.08
2025,10.03
2026,9.97
2027,9.90
2028,9.82
2029,9.75
2030,9.67
2031,9.61
2032,9.56
2033,9.53
2034,9.52
2035,9.53
2036,9.56
2037,9.61
2038,9.67
2039,9.75
2040,9.94
2041,10.02
2042,10.09
2043,10.15
2044,10.20
2045,10.23
2046,10.24
2047,10.23
2048,10.20
2049,10.15
2050,10.09
2051,10.02
2052,9.94
2053,9.86
2054,9.79
2055,9.73
2056,9.68
2057,9.65
2058,9.64
2059,9.65
2060,9.68
2061,9.73
2062,9.79
2063,9.86
2064,10.06
2065,10.14
2066,10.21
2067,10.27
2068,10.32
2069,10.35
2070,10.36
2071,10.35
2072,10.32
2073,10.27
2074,10.21
2075,10.14
2076,10.06
2077,9.98
2078,9.91
2079,9.85
2080,9.80
2081,9.77
2082,9.76
2083,9.77
2084,9.80
2085,9.85
2086,9.91
2087,9.98
2088,10.17
2089,10.25
2090,10.32
2091,10.39
2092,10.43
2093,10.46
2094,10.47
2095,10.46
2096,10.43
2097,10.39
2098,10.32
2099,10.25
2100,10.17
2101,10.10
2102,10.02
2103,9.96
2104,9.91
2105,9.88
2106,9.87
2107,9.88
2108,9.91
2109,9.96
2110,10.02
2111,10.10
2112,10.29
2113,10.36
2114,10.44
2115,10.50
2116,10.55
2117,10.58
2118,10.59
2119,10.58
2120,10.55
2121,10.50
2122,10.44
2123,10.36
2124,10.29
2125,10.21
2126,10.14
2127,10.07
2128,10.03
2129,10.00
2130,9.99
2131,10.00
2132,10.03
2133,10.07
2134,10.14
2135,10.21
2136,10.40
2137,10.48
2138,10.55
2139,10.61
2140,10.66
2141,10.69
2142,10.70
2143,10.69
2144,10.66
2145,10.61
2146,10.55
2147,10.48
2148,10.40
2149,10.32
2150,10.25
2151,10.19
2152,10.14
2153,10.11
2154,10.10
2155,10.11
2156,10.14
2157,10.19
2158,10.25
2159,10.32
2160,10.51
2161,10.58
2162,10.66
2163,10.72
2164,10.77
2165,10.80
2166,10.81
2167,10.80
2168,10.77
2169,10.72
2170,10.66
2171,10.58
2172,10.51
2173,10.43
2174,10.36
2175,10.29
2176,10.25
2177,10.22
2178,10.21
2179,10.22
2180,10.25
2181,10.29
2182,10.36
2183,10.43
2184,10.61
2185,10.69
2186,10.76
2187,10.83
2188,10.87
2189,10.90
2190,10.91
2191,10.90
2192,10.87
2193,10.83
2194,10.76
2195,10.69
2196,10.61
2197,10.54
2198,10.46
2199,10.40
2200,10.35
2201,10.32
2202,10.31
2203,10.32
2204,10.35
2205,10.40
2206,10.46
2207,10.54
2208,10.72
2209,10.79
2210,10.87
2211,10.93
2212,10.98
2213,11.01
2214,11.02
2215,11.01
2216,10.98
2217,10.93
2218,10.87
2219,10.79
2220,10.72
2221,10.64
2222,10.57
2223,10.50
2224,10.46
2225,10.43
2226,10.42
2227,10.43
2228,10.46
2229,10.50
2230,10.57
2231,10.64
2232,10.82
2233,10.89
2234,10.97
2235,11.03
2236,11.08
2237,11.11
2238,11.12
2239,11.11
2240,11.08
2241,11.03
2242,10.97
2243,10.89
2244,10.82
2245,10.74
2246,10.67
2247,10.61
2248,10.56
2249,10.53
2250,10.52
2251,10.53
2252,10.56
2253,10.61
2254,10.67
2255,10.74
2256,10.91
2257,10.99
2258,11.06
2259,11.13
2260,11.17
2261,11.20
2262,11.21
2263,11.20
2264,11.17
2265,11.13
2266,11.06
2267,10.99
2268,10.91
2269,10.84
2270,10.76
2271,10.70
2272,10.65
2273,10.62
2274,10.61
2275,10.62
2276,10.65
2277,10.70
2278,10.76
2279,10.84
2280,11.01
2281,11.09
2282,11.16
2283,11.22
2284,11.27
2285,11.30
2286,11.31
2287,11.30
2288,11.27
2289,11.22
2290,11.16
2291,11.09
2292,11.01
2293,10.93
2294,10.86
2295,10.80
2296,10.75
2297,10.72
2298,10.71
2299,10.72
2300,10.75
2301,10.80
2302,10.86
2303,10.93
2304,11.10
2305,11.18
2306,11.25
2307,11.31
2308,11.36
2309,11.39
2310,11.40
2311,11.39
2312,11.36
2313,11.31
2314,11.25
2315,11.18
2316,11.10
2317,11.02
2318,10.95
2319,10.89
2320,10.84
2321,10.81
2322,10.80
2323,10.81
2324,10.84
2325,10.89
2326,10.95
2327,11.02
2328,11.19
2329,11.27
2330,11.34
2331,11.40
2332,11.45
2333,11.48
2334,11.49
2335,11.48
2336,11.45
2337,11.40
2338,11.34
2339,11.27
2340,11.19
2341,11.11
2342,11.04
2343,10.98
2344,10.93
2345,10.90
2346,10.89
2347,10.90
2348,10.93
2349,10.98
2350,11.04
2351,11.11
2352,11.27
2353,11.35
2354,11.42
2355,11.48
2356,11.53
2357,11.56
2358,11.57
2359,11.56
2360,11.53
2361,11.48
2362,11.42
2363,11.35
2364,11.27
2365,11.19
2366,11.12
2367,11.06
2368,11.01
2369,10.98
2370,10.97
2371,10.98
2372,11.01
2373,11.06
2374,11.12
2375,11.19
2376,11.35
2377,11.43
2378,11.50
2379,11.56
2380,11.61
2381,11.64
2382,11.65
2383,11.64
2384,11.61
2385,11.56
2386,11.50
2387,11.43
2388,11.35
2389,11.27
2390,11.20
2391,11.14
2392,11.09
2393,11.06
2394,11.05
2395,11.06
2396,11.09
2397,11.14
2398,11.20
2399,11.27
2400,11.43
2401,11.50
2402,11.58
2403,11.64
2404,11.69
2405,11.72
2406,11.73
2407,11.72
2408,11.69
2409,11.64
2410,11.58
2411,11.50
2412,11.43
2413,11.35
2414,11.28
2415,11.21
2416,11.17
2417,11.14
2418,11.13
2419,11.14
2420,11.17
2421,11.21
2422,11.28
2423,11.35
2424,11.50
2425,11.58
2426,11.65
2427,11.71
2428,11.76
2429,11.79
2430,11.80
2431,11.79
2432,11.76
2433,11.71
2434,11.65
2435,11.58
2436,11.50
2437,11.42
2438,11.35
2439,11.29
2440,11.24
2441,11.21
2442,11.20
2443,11.21
2444,11.24
2445,11.29
2446,11.35
2447,11.42
2448,11.57
2449,11.64
2450,11.72
2451,11.78
2452,11.83
2453,11.86
2454,11.87
2455,11.86
2456,11.83
2457,11.78
2458,11.72
2459,11.64
2460,11.57
2461,11.49
2462,11.42
2463,11.35
2464,11.31
2465,11.28
2466,11.27
2467,11.28
2468,11.31
2469,11.35
2470,11.42
2471,11.49
2472,11.63
2473,11.71
2474,11.78
2475,11.84
2476,11.89
2477,11.92
2478,11.93
2479,11.92
2480,11.89
2481,11.84
2482,11.78
2483,11.71
2484,11.63
2485,11.55
2486,11.48
2487,11.42
2488,11.37
2489,11.34
2490,11.33
2491,11.34
2492,11.37
2493,11.42
2494,11.48
2495,11.55
2496,11.69
2497,11.76
2498,11.84
2499,11.90
2500,11.95
2501,11.98
2502,11.99
2503,11.98
2504,11.95
2505,11.90
2506,11.84
2507,11.76
2508,11.69
2509,11.61
2510,11.54
2511,11.47
2512,11.43
2513,11.40
2514,11.39
2515,11.40
2516,11.43
2517,11.47
2518,11.54
2519,11.61
2520,11.74
2521,11.82
2522,11.89
2523,11.95
2524,12.00
2525,12.03
2526,12.04
2527,12.03
2528,12.00
2529,11.95
2530,11.89
2531,11.82
2532,11.74
2533,11.66
2534,11.59
2535,11.53
2536,11.48
2537,11.45
2538,11.44
2539,11.45
2540,11.48
2541,11.53
2542,11.59
2543,11.66
2544,11.79
2545,11.87
2546,11.94
2547,12.00
2548,12.05
2549,12.08
2550,12.09
2551,12.08
2552,12.05
2553,12.00
2554,11.94
2555,11.87
2556,11.79
2557,11.71
2558,11.64
2559,11.58
2560,11.53
2561,11.50
2562,11.49
2563,11.50
2564,11.53
2565,11.58
2566,11.64
2567,11.71
2568,11.83
2569,11.91
2570,11.98
2571,12.04
2572,12.09
2573,12.12
2574,12.13
2575,12.12
2576,12.09
2577,12.04
2578,11.98
2579,11.91
2580,11.83
2581,11.75
2582,11.68
2583,11.62
2584,11.57
2585,11.54
2586,11.53
2587,11.54
2588,11.57
2589,11.62
2590,11.68
2591,11.75
2592,11.87
2593,11.95
2594,12.02
2595,12.08
2596,12.13
2597,12.16
2598,12.17
2599,12.16
2600,12.13
2601,12.08
2602,12.02
2603,11.95
2604,11.87
2605,11.79
2606,11.72
2607,11.66
2608,11.61
2609,11.58
2610,11.57
2611,11.58
2612,11.61
2613,11.66
2614,11.72
2615,11.79
2616,11.91
2617,11.98
2618,12.06
2619,12.12
2620,12.17
2621,12.20
2622,12.21
2623,12.20
2624,12.17
2625,12.12
2626,12.06
2627,11.98
2628,11.91
2629,11.83
2630,11.76
2631,11.69
2632,11.65
2633,11.62
2634,11.61
2635,11.62
2636,11.65
2637,11.69
2638,11.76
2639,11.83
2640,11.93
2641,12.01
2642,12.08
2643,12.15
2644,12.19
2645,12.22
2646,12.23
2647,12.22
2648,12.19
2649,12.15
2650,12.08
2651,12.01
2652,11.93
2653,11.86
2654,11.78
2655,11.72
2656,11.67
2657,11.64
2658,11.63
2659,11.64
2660,11.67
2661,11.72
2662,11.78
2663,11.86
2664,11.96
2665,12.04
2666,12.11
2667,12.17
2668,12.22
2669,12.25
2670,12.26
2671,12.25
2672,12.22
2673,12.17
2674,12.11
2675,12.04
2676,11.96
2677,11.88
2678,11.81
2679,11.75
2680,11.70
2681,11.67
2682,11.66
2683,11.67
2684,11.70
2685,11.75
2686,11.81
2687,11.88
2688,11.98
2689,12.05
2690,12.13
2691,12.19
2692,12.24
2693,12.27
2694,12.28
2695,12.27
2696,12.24
2697,12.19
2698,12.13
2699,12.05
2700,11.98
2701,11.90
2702,11.83
2703,11.76
2704,11.72
2705,11.69
2706,11.68
2707,11.69
2708,11.72
2709,11.76
2710,11.83
2711,11.90
2712,11.99
2713,12.07
2714,12.14
2715,12.20
2716,12.25
2717,12.28
2718,12.29
2719,12.28
2720,12.25
2721,12.20
2722,12.14
2723,12.07
2724,11.99
2725,11.91
2726,11.84
2727,11.78
2728,11.73
2729,11.70
2730,11.69
2731,11.70
2732,11.73
2733,11.78
2734,11.84
2735,11.91
2736,12.00
2737,12.08
2738,12.15
2739,12.21
2740,12.26
2741,12.29
2742,12.30
2743,12.29
2744,12.26
2745,12.21
2746,12.15
2747,12.08
2748,12.00
2749,11.92
2750,11.85
2751,11.79
2752,11.74
2753,11.71
2754,11.70
2755,11.71
2756,11.74
2757,11.79
2758,11.85
2759,11.92
2760,12.00
2761,12.08
2762,12.15
2763,12.21
2764,12.26
2765,12.29
2766,12.30
2767,12.29
2768,12.26
2769,12.21
2770,12.15
2771,12.08
2772,12.00
2773,11.92
2774,11.85
2775,11.79
2776,11.74
2777,11.71
2778,11.70
2779,11.71
2780,11.74
2781,11.79
2782,11.85
2783,11.92
2784,12.00
2785,12.08
2786,12.15
2787,12.21
2788,12.26
2789,12.29
2790,12.30
2791,12.29
2792,12.26
2793,12.21
2794,12.15
2795,12.08
2796,12.00
2797,11.92
2798,11.85
2799,11.79
2800,11.74
2801,11.71
2802,11.70
2803,11.71
2804,11.74
2805,11.79
2806,11.85
2807,11.92
2808,11.99
2809,12.07
2810,12.14
2811,12.20
2812,12.25
2813,12.28
2814,12.29
2815,12.28
2816,12.25
2817,12.20
2818,12.14
2819,12.07
2820,11.99
2821,11.91
2822,11.84
2823,11.78
2824,11.73
2825,11.70
2826,11.69
2827,11.70
2828,11.73
2829,11.78
2830,11.84
2831,11.91
2832,11.98
2833,12.05
2834,12.13
2835,12.19
2836,12.24
2837,12.27
2838,12.28
2839,12.27
2840,12.24
2841,12.19
2842,12.13
2843,12.05
2844,11.98
2845,11.90
2846,11.83
2847,11.76
2848,11.72
2849,11.69
2850,11.68
2851,11.69
2852,11.72
2853,11.76
2854,11.83
2855,11.90
2856,11.96
2857,12.04
2858,12.11
2859,12.17
2860,12.22
2861,12.25
2862,12.26
2863,12.25
2864,12.22
2865,12.17
2866,12.11
2867,12.04
2868,11.96
2869,11.88
2870,11.81
2871,11.75
2872,11.70
2873,11.67
2874,11.66
2875,11.67
2876,11.70
2877,11.75
2878,11.81
2879,11.88
2880,11.93
2881,12.01
2882,12.08
2883,12.15
2884,12.19
2885,12.22
2886,12.23
2887,12.22
2888,12.19
2889,12.15
2890,12.08
2891,12.01
2892,11.93
2893,11.86
2894,11.78
2895,11.72
2896,11.67
2897,11.64
2898,11.63
2899,11.64
2900,11.67
2901,11.72
2902,11.78
2903,11.86
2904,11.91
2905,11.98
2906,12.06
2907,12.12
2908,12.17
2909,12.20
2910,12.21
2911,12.20
2912,12.17
2913,12.12
2914,12.06
2915,11.98
2916,11.91
2917,11.83
2918,11.76
2919,11.69
2920,11.65
2921,11.62
2922,11.61
2923,11.62
2924,11.65
2925,11.69
2926,11.76
2927,11.83
2928,11.87
2929,11.95
2930,12.02
2931,12.08
2932,12.13
2933,12.16
2934,12.17
2935,12.16
2936,12.13
2937,12.08
2938,12.02
2939,11.95
2940,11.87
2941,11.79
2942,11.72
2943,11.66
2944,11.61
2945,11.58
2946,11.57
2947,11.58
2948,11.61
2949,11.66
2950,11.72
2951,11.79
2952,11.83
2953,11.91
2954,11.98
2955,12.04
2956,12.09
2957,12.12
2958,12.13
2959,12.12
2960,12.09
2961,12.04
2962,11.98
2963,11.91
2964,11.83
2965,11.75
2966,11.68
2967,11.62
2968,11.57
2969,11.54
2970,11.53
2971,11.54
2972,11.57
2973,11.62
2974,11.68
2975,11.75
2976,11.79
2977,11.87
2978,11.94
2979,12.00
2980,12.05
2981,12.08
2982,12.09
2983,12.08
2984,12.05
2985,12.00
2986,11.94
2987,11.87
2988,11.79
2989,11.71
2990,11.64
2991,11.58
2992,11.53
2993,11.50
2994,11.49
2995,11.50
2996,11.53
2997,11.58
2998,11.64
2999,11.71
3000,11.74
3001,11.82
3002,11.89
3003,11.95
3004,12.00
3005,12.03
3006,12.04
3007,12.03
3008,12.00
3009,11.95
3010,11.89
3011,11.82
3012,11.74
3013,11.66
3014,11.59
3015,11.53
3016,11.48
3017,11.45
3018,11.44
3019,11.45
3020,11.48
3021,11.53
3022,11.59
3023,11.66
3024,11.69
3025,11.76
3026,11.84
3027,11.90
3028,11.95
3029,11.98
3030,11.99
3031,11.98
3032,11.95
3033,11.90
3034,11.84
3035,11.76
3036,11.69
3037,11.61
3038,11.54
3039,11.47
3040,11.43
3041,11.40
3042,11.39
3043,11.40
3044,11.43
3045,11.47
3046,11.54
3047,11.61
3048,11.63
3049,11.71
3050,11.78
3051,11.84
3052,11.89
3053,11.92
3054,11.93
3055,11.92
3056,11.89
3057,11.84
3058,11.78
3059,11.71
3060,11.63
3061,11.55
3062,11.48
3063,11.42
3064,11.37
3065,11.34
3066,11.33
3067,11.34
3068,11.37
3069,11.42
3070,11.48
3071,11.55
3072,11.57
3073,11.64
3074,11.72
3075,11.78
3076,11.83
3077,11.86
3078,11.87
3079,11.86
3080,11.83
3081,11.78
3082,11.72
3083,11.64
3084,11.57
3085,11.49
3086,11.42
3087,11.35
3088,11.31
3089,11.28
3090,11.27
3091,11.28
3092,11.31
3093,11.35
3094,11.42
3095,11.49
3096,11.50
3097,11.58
3098,11.65
3099,11.71
3100,11.76
3101,11.79
3102,11.80
3103,11.79
3104,11.76
3105,11.71
3106,11.65
3107,11.58
3108,11.50
3109,11.42
3110,11.35
3111,11.29
3112,11.24
3113,11.21
3114,11.20
3115,11.21
3116,11.24
3117,11.29
3118,11.35
3119,11.42
3120,11.43
3121,11.50
3122,11.58
3123,11.64
3124,11.69
3125,11.72
3126,11.73
3127,11.72
3128,11.69
3129,11.64
3130,11.58
3131,11.50
3132,11.43
3133,11.35
3134,11.28
3135,11.21
3136,11.17
3137,11.14
3138,11.13
3139,11.14
3140,11.17
3141,11.21
3142,11.28
3143,11.35
3144,11.35
3145,11.43
3146,11.50
3147,11.56
3148,11.61
3149,11.64
3150,11.65
3151,11.64
3152,11.61
3153,11.56
3154,11.50
3155,11.43
3156,11.35
3157,11.27
3158,11.20
3159,11.14
3160,11.09
3161,11.06
3162,11.05
3163,11.06
3164,11.09
3165,11.14
3166,11.20
3167,11.27
3168,11.27
3169,11.35
3170,11.42
3171,11.48
3172,11.53
3173,11.56
3174,11.57
3175,11.56
3176,11.53
3177,11.48
3178,11.42
3179,11.35
3180,11.27
3181,11.19
3182,11.12
3183,11.06
3184,11.01
3185,10.98
3186,10.97
3187,10.98
3188,11.01
3189,11.06
3190,11.12
3191,11.19
3192,11.19
3193,11.27
3194,11.34
3195,11.40
3196,11.45
3197,11.48
3198,11.49
3199,11.48
3200,11.45
3201,11.40
3202,11.34
3203,11.27
3204,11.19
3205,11.11
3206,11.04
3207,10.98
3208,10.93
3209,10.90
3210,10.89
3211,10.90
3212,10.93
3213,10.98
3214,11.04
3215,11.11
3216,11.10
3217,11.18
3218,11.25
3219,11.31
3220,11.36
3221,11.39
3222,11.40
3223,11.39
3224,11.36
3225,11.31
3226,11.25
3227,11.18
3228,11.10
3229,11.02
3230,10.95
3231,10.89
3232,10.84
3233,10.81
3234,10.80
3235,10.81
3236,10.84
3237,10.89
3238,10.95
3239,11.02
3240,11.01
3241,11.09
3242,11.16
3243,11.22
3244,11.27
3245,11.30
3246,11.31
3247,11.30
3248,11.27
3249,11.22
3250,11.16
3251,11.09
3252,11.01
3253,10.93
3254,10.86
3255,10.80
3256,10.75
3257,10.72
3258,10.71
3259,10.72
3260,10.75
3261,10.80
3262,10.86
3263,10.93
3264,10.91
3265,10.99
3266,11.06
3267,11.13
3268,11.17
3269,11.20
3270,11.21
3271,11.20
3272,11.17
3273,11.13
3274,11.06
3275,10.99
3276,10.91
3277,10.84
3278,10.76
3279,10.70
3280,10.66
3281,10.63
3282,10.61
3283,10.63
3284,10.66
3285,10.70
3286,10.76
3287,10.84
3288,10.82
3289,10.89
3290,10.97
3291,11.03
3292,11.08
3293,11.11
3294,11.12
3295,11.11
3296,11.08
3297,11.03
3298,10.97
3299,10.89
3300,10.82
3301,10.74
3302,10.67
3303,10.61
3304,10.56
3305,10.53
3306,10.52
3307,10.53
3308,10.56
3309,10.61
3310,10.67
3311,10.74
3312,10.72
3313,10.79
3314,10.87
3315,10.93
3316,10.98
3317,11.01
3318,11.02
3319,11.01
3320,10.98
3321,10.93
3322,10.87
3323,10.79
3324,10.72
3325,10.64
3326,10.57
3327,10.50
3328,10.46
3329,10.43
3330,10.42
3331,10.43
3332,10.46
3333,10.50
3334,10.57
3335,10.64
3336,10.61
3337,10.69
3338,10.76
3339,10.83
3340,10.87
3341,10.90
3342,10.91
3343,10.90
3344,10.87
3345,10.83
3346,10.76
3347,10.69
3348,10.61
3349,10.54
3350,10.46
3351,10.40
3352,10.35
3353,10.32
3354,10.31
3355,10.32
3356,10.35
3357,10.40
3358,10.46
3359,10.54
3360,10.51
3361,10.58
3362,10.66
3363,10.72
3364,10.77
3365,10.80
3366,10.81
3367,10.80
3368,10.77
3369,10.72
3370,10.66
3371,10.58
3372,10.51
3373,10.43
3374,10.36
3375,10.29
3376,10.25
3377,10.22
3378,10.21
3379,10.22
3380,10.25
3381,10.29
3382,10.36
3383,10.43
3384,10.40
3385,10.48
3386,10.55
3387,10.61
3388,10.66
3389,10.69
3390,10.70
3391,10.69
3392,10.66
3393,10.61
3394,10.55
3395,10.48
3396,10.40
3397,10.32
3398,10.25
3399,10.19
3400,10.14
3401,10.11
3402,10.10
3403,10.11
3404,10.14
3405,10.19
3406,10.25
3407,10.32
3408,10.29
3409,10.36
3410,10.44
3411,10.50
3412,10.55
3413,10.58
3414,10.59
3415,10.58
3416,10.55
3417,10.50
3418,10.44
3419,10.36
3420,10.29
3421,10.21
3422,10.14
3423,10.07
3424,10.03
3425,10.00
3426,9.99
3427,10.00
3428,10.03
3429,10.07
3430,10.14
3431,10.21
3432,10.17
3433,10.25
3434,10.32
3435,10.39
3436,10.43
3437,10.46
3438,10.47
3439,10.46
3440,10.43
3441,10.39
3442,10.32
3443,10.25
3444,10.17
3445,10.10
3446,10.02
3447,9.96
3448,9.91
3449,9.88
3450,9.87
3451,9.88
3452,9.91
3453,9.96
3454,10.02
3455,10.10
3456,10.06
3457,10.14
3458,10.21
3459,10.27
3460,10.32
3461,10.35
3462,10.36
3463,10.35
3464,10.32
3465,10.27
3466,10.21
3467,10.14
3468,10.06
3469,9.98
3470,9.91
3471,9.85
3472,9.80
3473,9.77
3474,9.76
3475,9.77
3476,9.80
3477,9.85
3478,9.91
3479,9.98
3480,9.94
3481,10.02
3482,10.09
3483,10.15
3484,10.20
3485,10.23
3486,10.24
3487,10.23
3488,10.20
3489,10.15
3490,10.09
3491,10.02
3492,9.94
3493,9.86
3494,9.79
3495,9.73
3496,9.68
3497,9.65
3498,9.64
3499,9.65
3500,9.68
3501,9.73
3502,9.79
3503,9.86
3504,9.82
3505,9.90
3506,9.97
3507,10.04
3508,10.08
3509,10.11
3510,10.12
3511,10.11
3512,10.08
3513,10.04
3514,9.97
3515,9.90
3516,9.82
3517,9.75
3518,9.67
3519,9.61
3520,9.56
3521,9.53
3522,9.52
3523,9.53
3524,9.56
3525,9.61
3526,9.67
3527,9.75
3528,9.70
3529,9.78
3530,9.85
3531,9.92
3532,9.96
3533,9.99
3534,10.00
3535,9.99
3536,9.96
3537,9.92
3538,9.85
3539,9.78
3540,9.70
3541,9.63
3542,9.55
3543,9.49
3544,9.44
3545,9.41
3546,9.40
3547,9.41
3548,9.44
3549,9.49
3550,9.55
3551,9.63
3552,9.58
3553,9.66
3554,9.73
3555,9.79
3556,9.84
3557,9.87
3558,9.88
3559,9.87
3560,9.84
3561,9.79
3562,9.73
3563,9.66
3564,9.58
3565,9.50
3566,9.43
3567,9.37
3568,9.32
3569,9.29
3570,9.28
3571,9.29
3572,9.32
3573,9.37
3574,9.43
3575,9.50
3576,9.46
3577,9.54
3578,9.61
3579,9.67
3580,9.72
3581,9.75
3582,9.76
3583,9.75
3584,9.72
3585,9.67
3586,9.61
3587,9.54
3588,9.46
3589,9.38
3590,9.31
3591,9.25
3592,9.20
3593,9.17
3594,9.16
3595,9.17
3596,9.20
3597,9.25
3598,9.31
3599,9.38
3600,9.34
3601,9.41
3602,9.49
3603,9.55
3604,9.60
3605,9.63
3606,9.64
3607,9.63
3608,9.60
3609,9.55
3610,9.49
3611,9.41
3612,9.34
3613,9.26
3614,9.19
3615,9.12
3616,9.08
3617,9.05
3618,9.04
3619,9.05
3620,9.08
3621,9.12
3622,9.19
3623,9.26
3624,9.21
3625,9.29
3626,9.36
3627,9.42
3628,9.47
3629,9.50
3630,9.51
3631,9.50
3632,9.47
3633,9.42
3634,9.36
3635,9.29
3636,9.21
3637,9.14
3638,9.06
3639,9.00
3640,8.95
3641,8.92
3642,8.91
3643,8.92
3644,8.95
3645,9.00
3646,9.06
3647,9.14
3648,9.09
3649,9.17
3650,9.24
3651,9.30
3652,9.35
3653,9.38
3654,9.39
3655,9.38
3656,9.35
3657,9.30
3658,9.24
3659,9.17
3660,9.09
3661,9.01
3662,8.94
3663,8.88
3664,8.83
3665,8.80
3666,8.79
3667,8.80
3668,8.83
3669,8.88
3670,8.94
3671,9.01
3672,8.96
3673,9.04
3674,9.11
3675,9.18
3676,9.22
3677,9.25
3678,9.26
3679,9.25
3680,9.22
3681,9.18
3682,9.11
3683,9.04
3684,8.96
3685,8.89
3686,8.81
3687,8.75
3688,8.70
3689,8.67
3690,8.66
3691,8.67
3692,8.70
3693,8.75
3694,8.81
3695,8.89
3696,8.84
3697,8.92
3698,8.99
3699,9.05
3700,9.10
3701,9.13
3702,9.14
3703,9.13
3704,9.10
3705,9.05
3706,8.99
3707,8.92
3708,8.84
3709,8.76
3710,8.69
3711,8.63
3712,8.58
3713,8.55
3714,8.54
3715,8.55
3716,8.58
3717,8.63
3718,8.69
3719,8.76
3720,8.71
3721,8.79
3722,8.86
3723,8.93
3724,8.97
3725,9.00
3726,9.01
3727,9.00
3728,8.97
3729,8.93
3730,8.86
3731,8.79
3732,8.71
3733,8.64
3734,8.56
3735,8.50
3736,8.46
3737,8.43
3738,8.41
3739,8.43
3740,8.46
3741,8.50
3742,8.56
3743,8.64
3744,8.59
3745,8.67
3746,8.74
3747,8.80
3748,8.85
3749,8.88
3750,8.89
3751,8.88
3752,8.85
3753,8.80
3754,8.74
3755,8.67
3756,8.59
3757,8.51
3758,8.44
3759,8.38
3760,8.33
3761,8.30
3762,8.29
3763,8.30
3764,8.33
3765,8.38
3766,8.44
3767,8.51
3768,8.47
3769,8.54
3770,8.62
3771,8.68
3772,8.73
3773,8.76
3774,8.77
3775,8.76
3776,8.73
3777,8.68
3778,8.62
3779,8.54
3780,8.47
3781,8.39
3782,8.32
3783,8.25
3784,8.21
3785,8.18
3786,8.17
3787,8.18
3788,8.21
3789,8.25
3790,8.32
3791,8.39
3792,8.34
3793,8.42
3794,8.49
3795,8.55
3796,8.60
3797,8.63
3798,8.64
3799,8.63
3800,8.60
3801,8.55
3802,8.49
3803,8.42
3804,8.34
3805,8.27
3806,8.19
3807,8.13
3808,8.08
3809,8.05
3810,8.04
3811,8.05
3812,8.08
3813,8.13
3814,8.19
3815,8.27
3816,8.22
3817,8.30
3818,8.37
3819,8.43
3820,8.48
3821,8.51
3822,8.52
3823,8.51
3824,8.48
3825,8.43
3826,8.37
3827,8.30
3828,8.22
3829,8.14
3830,8.07
3831,8.01
3832,7.96
3833,7.93
3834,7.92
3835,7.93
3836,7.96
3837,8.01
3838,8.07
3839,8.14
3840,8.10
3841,8.18
3842,8.25
3843,8.31
3844,8.36
3845,8.39
3846,8.40
3847,8.39
3848,8.36
3849,8.31
3850,8.25
3851,8.18
3852,8.10
3853,8.02
3854,7.95
3855,7.89
3856,7.84
3857,7.81
3858,7.80
3859,7.81
3860,7.84
3861,7.89
3862,7.95
3863,8.02
3864,7.98
3865,8.05
3866,8.13
3867,8.19
3868,8.24
3869,8.27
3870,8.28
3871,8.27
3872,8.24
3873,8.19
3874,8.13
3875,8.05
3876,7.98
3877,7.90
3878,7.83
3879,7.76
3880,7.72
3881,7.69
3882,7.68
3883,7.69
3884,7.72
3885,7.76
3886,7.83
3887,7.90
3888,7.86
3889,7.93
3890,8.01
3891,8.07
3892,8.12
3893,8.15
3894,8.16
3895,8.15
3896,8.12
3897,8.07
3898,8.01
3899,7.93
3900,7.86
3901,7.78
3902,7.71
3903,7.64
3904,7.60
3905,7.57
3906,7.56
3907,7.57
3908,7.60
3909,7.64
3910,7.71
3911,7.78
3912,7.74
3913,7.82
3914,7.89
3915,7.95
3916,8.00
3917,8.03
3918,8.04
3919,8.03
3920,8.00
3921,7.95
3922,7.89
3923,7.82
3924,7.74
3925,7.66
3926,7.59
3927,7.53
3928,7.48
3929,7.45
3930,7.44
3931,7.45
3932,7.48
3933,7.53
3934,7.59
3935,7.66
3936,7.62
3937,7.70
3938,7.77
3939,7.83
3940,7.88
3941,7.91
3942,7.92
3943,7.91
3944,7.88
3945,7.83
3946,7.77
3947,7.70
3948,7.62
3949,7.54
3950,7.47
3951,7.41
3952,7.36
3953,7.33
3954,7.32
3955,7.33
3956,7.36
3957,7.41
3958,7.47
3959,7.54
3960,7.50
3961,7.58
3962,7.65
3963,7.72
3964,7.76
3965,7.79
3966,7.80
3967,7.79
3968,7.76
3969,7.72
3970,7.65
3971,7.58
3972,7.50
3973,7.43
3974,7.35
3975,7.29
3976,7.24
3977,7.21
3978,7.20
3979,7.21
3980,7.24
3981,7.29
3982,7.35
3983,7.43
3984,7.39
3985,7.47
3986,7.54
3987,7.60
3988,7.65
3989,7.68
3990,7.69
3991,7.68
3992,7.65
3993,7.60
3994,7.54
3995,7.47
3996,7.39
3997,7.31
3998,7.24
3999,7.18
4000,7.13
4001,7.10
4002,7.09
4003,7.10
4004,7.13
4005,7.18
4006,7.24
4007,7.31
4008,7.28
4009,7.35
4010,7.43
4011,7.49
4012,7.54
4013,7.57
4014,7.58
4015,7.57
4016,7.54
4017,7.49
4018,7.43
4019,7.35
4020,7.28
4021,7.20
4022,7.13
4023,7.06
4024,7.02
4025,6.99
4026,6.98
4027,6.99
4028,7.02
4029,7.06
4030,7.13
4031,7.20
4032,7.17
4033,7.24
4034,7.32
4035,7.38
4036,7.43
4037,7.46
4038,7.47
4039,7.46
4040,7.43
4041,7.38
4042,7.32
4043,7.24
4044,7.17
4045,7.09
4046,7.02
4047,6.95
4048,6.91
4049,6.88
4050,6.87
4051,6.88
4052,6.91
4053,6.95
4054,7.02
4055,7.09
4056,7.06
4057,7.13
4058,7.21
4059,7.27
4060,7.32
4061,7.35
4062,7.36
4063,7.35
4064,7.32
4065,7.27
4066,7.21
4067,7.13
4068,7.06
4069,6.98
4070,6.91
4071,6.84
4072,6.80
4073,6.77
4074,6.76
4075,6.77
4076,6.80
4077,6.84
4078,6.91
4079,6.98
4080,6.95
4081,7.03
4082,7.10
4083,7.16
4084,7.21
4085,7.24
4086,7.25
4087,7.24
4088,7.21
4089,7.16
4090,7.10
4091,7.03
4092,6.95
4093,6.87
4094,6.80
4095,6.74
4096,6.69
4097,6.66
4098,6.65
4099,6.66
4100,6.69
4101,6.74
4102,6.80
4103,6.87
4104,6.84
4105,6.92
4106,6.99
4107,7.06
4108,7.10
4109,7.13
4110,7.14
4111,7.13
4112,7.10
4113,7.06
4114,6.99
4115,6.92
4116,6.84
4117,6.77
4118,6.69
4119,6.63
4120,6.58
4121,6.55
4122,6.54
4123,6.55
4124,6.58
4125,6.63
4126,6.69
4127,6.77
4128,6.74
4129,6.82
4130,6.89
4131,6.95
4132,7.00
4133,7.03
4134,7.04
4135,7.03
4136,7.00
4137,6.95
4138,6.89
4139,6.82
4140,6.74
4141,6.66
4142,6.59
4143,6.53
4144,6.48
4145,6.45
4146,6.44
4147,6.45
4148,6.48
4149,6.53
4150,6.59
4151,6.66
4152,6.64
4153,6.72
4154,6.79
4155,6.85
4156,6.90
4157,6.93
4158,6.94
4159,6.93
4160,6.90
4161,6.85
4162,6.79
4163,6.72
4164,6.64
4165,6.56
4166,6.49
4167,6.43
4168,6.38
4169,6.35
4170,6.34
4171,6.35
4172,6.38
4173,6.43
4174,6.49
4175,6.56
4176,6.54
4177,6.62
4178,6.69
4179,6.75
4180,6.80
4181,6.83
4182,6.84
4183,6.83
4184,6.80
4185,6.75
4186,6.69
4187,6.62
4188,6.54
4189,6.46
4190,6.39
4191,6.33
4192,6.28
4193,6.25
4194,6.24
4195,6.25
4196,6.28
4197,6.33
4198,6.39
4199,6.46
4200,6.44
4201,6.52
4202,6.59
4203,6.66
4204,6.70
4205,6.73
4206,6.74
4207,6.73
4208,6.70
4209,6.66
4210,6.59
4211,6.52
4212,6.44
4213,6.37
4214,6.29
4215,6.23
4216,6.18
4217,6.15
4218,6.14
4219,6.15
4220,6.18
4221,6.23
4222,6.29
4223,6.37
4224,6.35
4225,6.43
4226,6.50
4227,6.56
4228,6.61
4229,6.64
4230,6.65
4231,6.64
4232,6.61
4233,6.56
4234,6.50
4235,6.43
4236,6.35
4237,6.27
4238,6.20
4239,6.14
4240,6.09
4241,6.06
4242,6.05
4243,6.06
4244,6.09
4245,6.14
4246,6.20
4247,6.27
4248,6.26
4249,6.34
4250,6.41
4251,6.47
4252,6.52
4253,6.55
4254,6.56
4255,6.55
4256,6.52
4257,6.47
4258,6.41
4259,6.34
4260,6.26
4261,6.18
4262,6.11
4263,6.05
4264,6.00
4265,5.97
4266,5.96
4267,5.97
4268,6.00
4269,6.05
4270,6.11
4271,6.18
4272,6.17
4273,6.25
4274,6.32
4275,6.38
4276,6.43
4277,6.46
4278,6.47
4279,6.46
4280,6.43
4281,6.38
4282,6.32
4283,6.25
4284,6.17
4285,6.09
4286,6.02
4287,5.96
4288,5.91
4289,5.88
4290,5.87
4291,5.88
4292,5.91
4293,5.96
4294,6.02
4295,6.09
4296,6.08
4297,6.16
4298,6.23
4299,6.29
4300,6.34
4301,6.37
4302,6.38
4303,6.37
4304,6.34
4305,6.29
4306,6.23
4307,6.16
4308,6.08
4309,6.00
4310,5.93
4311,5.87
4312,5.82
4313,5.79
4314,5.78
4315,5.79
4316,5.82
4317,5.87
4318,5.93
4319,6.00
4320,6.00
4321,6.07
4322,6.15
4323,6.21
4324,6.26
4325,6.29
4326,6.30
4327,6.29
4328,6.26
4329,6.21
4330,6.15
4331,6.07
4332,6.00
4333,5.92
4334,5.85
4335,5.78
4336,5.74
4337,5.71
4338,5.70
4339,5.71
4340,5.74
4341,5.78
4342,5.85
4343,5.92
4344,5.91
4345,5.99
4346,6.06
4347,6.13
4348,6.17
4349,6.20
4350,6.21
4351,6.20
4352,6.17
4353,6.13
4354,6.06
4355,5.99
4356,5.91
4357,5.84
4358,5.76
4359,5.70
4360,5.65
4361,5.62
4362,5.61
4363,5.62
4364,5.65
4365,5.70
4366,5.76
4367,5.84
4368,5.84
4369,5.91
4370,5.99
4371,6.05
4372,6.09
4373,6.12
4374,6.14
4375,6.12
4376,6.09
4377,6.05
4378,5.99
4379,5.91
4380,5.84
4381,5.76
4382,5.69
4383,5.62
4384,5.58
4385,5.55
4386,5.54
4387,5.55
4388,5.58
4389,5.62
4390,5.69
4391,5.76
4392,5.76
4393,5.84
4394,5.91
4395,5.97
4396,6.02
4397,6.05
4398,6.06
4399,6.05
4400,6.02
4401,5.97
4402,5.91
4403,5.84
4404,5.76
4405,5.68
4406,5.61
4407,5.55
4408,5.50
4409,5.47
4410,5.46
4411,5.47
4412,5.50
4413,5.55
4414,5.61
4415,5.68
4416,5.68
4417,5.76
4418,5.83
4419,5.90
4420,5.94
4421,5.97
4422,5.98
4423,5.97
4424,5.94
4425,5.90
4426,5.83
4427,5.76
4428,5.68
4429,5.61
4430,5.53
4431,5.47
4432,5.42
4433,5.39
4434,5.38
4435,5.39
4436,5.42
4437,5.47
4438,5.53
4439,5.61
4440,5.61
4441,5.69
4442,5.76
4443,5.82
4444,5.87
4445,5.90
4446,5.91
4447,5.90
4448,5.87
4449,5.82
4450,5.76
4451,5.69
4452,5.61
4453,5.53
4454,5.46
4455,5.40
4456,5.35
4457,5.32
4458,5.31
4459,5.32
4460,5.35
4461,5.40
4462,5.46
4463,5.53
4464,5.54
4465,5.62
4466,5.69
4467,5.76
4468,5.80
4469,5.83
4470,5.84
4471,5.83
4472,5.80
4473,5.76
4474,5.69
4475,5.62
4476,5.54
4477,5.47
4478,5.39
4479,5.33
4480,5.28
4481,5.25
4482,5.24
4483,5.25
4484,5.28
4485,5.33
4486,5.39
4487,5.47
4488,5.48
4489,5.55
4490,5.63
4491,5.69
4492,5.74
4493,5.77
4494,5.78
4495,5.77
4496,5.74
4497,5.69
4498,5.63
4499,5.55
4500,5.48
4501,5.40
4502,5.33
4503,5.26
4504,5.22
4505,5.19
4506,5.18
4507,5.19
4508,5.22
4509,5.26
4510,5.33
4511,5.40
4512,5.41
4513,5.49
4514,5.56
4515,5.62
4516,5.67
4517,5.70
4518,5.71
4519,5.70
4520,5.67
4521,5.62
4522,5.56
4523,5.49
4524,5.41
4525,5.33
4526,5.26
4527,5.20
4528,5.15
4529,5.12
4530,5.11
4531,5.12
4532,5.15
4533,5.20
4534,5.26
4535,5.33
4536,5.35
4537,5.43
4538,5.50
4539,5.56
4540,5.61
4541,5.64
4542,5.65
4543,5.64
4544,5.61
4545,5.56
4546,5.50
4547,5.43
4548,5.35
4549,5.27
4550,5.20
4551,5.14
4552,5.09
4553,5.06
4554,5.05
4555,5.06
4556,5.09
4557,5.14
4558,5.20
4559,5.27
4560,5.29
4561,5.37
4562,5.44
4563,5.50
4564,5.55
4565,5.58
4566,5.59
4567,5.58
4568,5.55
4569,5.50
4570,5.44
4571,5.37
4572,5.29
4573,5.21
4574,5.14
4575,5.08
4576,5.03
4577,5.00
4578,4.99
4579,5.00
4580,5.03
4581,5.08
4582,5.14
4583,5.21
4584,5.24
4585,5.31
4586,5.39
4587,5.45
4588,5.50
4589,5.53
4590,5.54
4591,5.53
4592,5.50
4593,5.45
4594,5.39
4595,5.31
4596,5.24
4597,5.16
4598,5.09
4599,5.02
4600,4.98
4601,4.95
4602,4.94
4603,4.95
4604,4.98
4605,5.02
4606,5.09
4607,5.16
4608,5.18
4609,5.26
4610,5.33
4611,5.39
4612,5.44
4613,5.47
4614,5.48
4615,5.47
4616,5.44
4617,5.39
4618,5.33
4619,5.26
4620,5.18
4621,5.11
4622,5.03
4623,4.97
4624,4.92
4625,4.89
4626,4.88
4627,4.89
4628,4.92
4629,4.97
4630,5.03
4631,5.11
4632,5.13
4633,5.21
4634,5.28
4635,5.34
4636,5.39
4637,5.42
4638,5.43
4639,5.42
4640,5.39
4641,5.34
4642,5.28
4643,5.21
4644,5.13
4645,5.05
4646,4.98
4647,4.92
4648,4.87
4649,4.84
4650,4.83
4651,4.84
4652,4.87
4653,4.92
4654,4.98
4655,5.05
4656,5.08
4657,5.16
4658,5.23
4659,5.30
4660,5.34
4661,5.37
4662,5.38
4663,5.37
4664,5.34
4665,5.30
4666,5.23
4667,5.16
4668,5.08
4669,5.01
4670,4.93
4671,4.87
4672,4.82
4673,4.79
4674,4.78
4675,4.79
4676,4.82
4677,4.87
4678,4.93
4679,5.01
4680,5.04
4681,5.12
4682,5.19
4683,5.25
4684,5.30
4685,5.33
4686,5.34
4687,5.33
4688,5.30
4689,5.25
4690,5.19
4691,5.12
4692,5.04
4693,4.96
4694,4.89
4695,4.83
4696,4.78
4697,4.75
4698,4.74
4699,4.75
4700,4.78
4701,4.83
4702,4.89
4703,4.96
4704,4.99
4705,5.07
4706,5.14
4707,5.21
4708,5.25
4709,5.28
4710,5.29
4711,5.28
4712,5.25
4713,5.21
4714,5.14
4715,5.07
4716,4.99
4717,4.92
4718,4.84
4719,4.78
4720,4.73
4721,4.70
4722,4.69
4723,4.70
4724,4.73
4725,4.78
4726,4.84
4727,4.92
4728,4.95
4729,5.03
4730,5.10
4731,5.17
4732,5.21
4733,5.24
4734,5.25
4735,5.24
4736,5.21
4737,5.17
4738,5.10
4739,5.03
4740,4.95
4741,4.88
4742,4.80
4743,4.74
4744,4.69
4745,4.66
4746,4.65
4747,4.66
4748,4.69
4749,4.74
4750,4.80
4751,4.88
4752,4.92
4753,4.99
4754,5.07
4755,5.13
4756,5.18
4757,5.21
4758,5.22
4759,5.21
4760,5.18
4761,5.13
4762,5.07
4763,4.99
4764,4.92
4765,4.84
4766,4.77
4767,4.70
4768,4.66
4769,4.63
4770,4.62
4771,4.63
4772,4.66
4773,4.70
4774,4.77
4775,4.84
4776,4.88
4777,4.96
4778,5.03
4779,5.09
4780,5.14
4781,5.17
4782,5.18
4783,5.17
4784,5.14
4785,5.09
4786,5.03
4787,4.96
4788,4.88
4789,4.80
4790,4.73
4791,4.67
4792,4.62
4793,4.59
4794,4.58
4795,4.59
4796,4.62
4797,4.67
4798,4.73
4799,4.80
4800,4.85
4801,4.92
4802,5.00
4803,5.06
4804,5.11
4805,5.14
4806,5.15
4807,5.14
4808,5.11
4809,5.06
4810,5.00
4811,4.92
4812,4.85
4813,4.77
4814,4.70
4815,4.63
4816,4.59
4817,4.56
4818,4.55
4819,4.56
4820,4.59
4821,4.63
4822,4.70
4823,4.77
4824,4.82
4825,4.89
4826,4.97
4827,5.03
4828,5.08
4829,5.11
4830,5.12
4831,5.11
4832,5.08
4833,5.03
4834,4.97
4835,4.89
4836,4.82
4837,4.74
4838,4.67
4839,4.60
4840,4.56
4841,4.53
4842,4.52
4843,4.53
4844,4.56
4845,4.60
4846,4.67
4847,4.74
4848,4.79
4849,4.87
4850,4.94
4851,5.00
4852,5.05
4853,5.08
4854,5.09
4855,5.08
4856,5.05
4857,5.00
4858,4.94
4859,4.87
4860,4.79
4861,4.71
4862,4.64
4863,4.58
4864,4.53
4865,4.50
4866,4.49
4867,4.50
4868,4.53
4869,4.58
4870,4.64
4871,4.71
4872,4.76
4873,4.84
4874,4.91
4875,4.98
4876,5.02
4877,5.05
4878,5.06
4879,5.05
4880,5.02
4881,4.98
4882,4.91
4883,4.84
4884,4.76
4885,4.69
4886,4.61
4887,4.55
4888,4.50
4889,4.47
4890,4.46
4891,4.47
4892,4.50
4893,4.55
4894,4.61
4895,4.69
4896,4.74
4897,4.82
4898,4.89
4899,4.95
4900,5.00
4901,5.03
4902,5.04
4903,5.03
4904,5.00
4905,4.95
4906,4.89
4907,4.82
4908,4.74
4909,4.66
4910,4.59
4911,4.53
4912,4.48
4913,4.45
4914,4.44
4915,4.45
4916,4.48
4917,4.53
4918,4.59
4919,4.66
4920,4.72
4921,4.80
4922,4.87
4923,4.93
4924,4.98
4925,5.01
4926,5.02
4927,5.01
4928,4.98
4929,4.93
4930,4.87
4931,4.80
4932,4.72
4933,4.64
4934,4.57
4935,4.51
4936,4.46
4937,4.43
4938,4.42
4939,4.43
4940,4.46
4941,4.51
4942,4.57
4943,4.64
4944,4.70
4945,4.78
4946,4.85
4947,4.91
4948,4.96
4949,4.99
4950,5.00
4951,4.99
4952,4.96
4953,4.91
4954,4.85
4955,4.78
4956,4.70
4957,4.62
4958,4.55
4959,4.49
4960,4.44
4961,4.41
4962,4.40
4963,4.41
4964,4.44
4965,4.49
4966,4.55
4967,4.62
4968,4.69
4969,4.76
4970,4.84
4971,4.90
4972,4.95
4973,4.98
4974,4.99
4975,4.98
4976,4.95
4977,4.90
4978,4.84
4979,4.76
4980,4.69
4981,4.61
4982,4.54
4983,4.47
4984,4.43
4985,4.40
4986,4.39
4987,4.40
4988,4.43
4989,4.47
4990,4.54
4991,4.61
4992,4.67
4993,4.75
4994,4.82
4995,4.88
4996,4.93
4997,4.96
4998,4.97
4999,4.96
5000,4.93
5001,4.88
5002,4.82
5003,4.75
5004,4.67
5005,4.59
5006,4.52
5007,4.46
5008,4.41
5009,4.38
5010,4.37
5011,4.38
5012,4.41
5013,4.46
5014,4.52
5015,4.59
5016,4.66
5017,4.74
5018,4.81
5019,4.87
5020,4.92
5021,4.95
5022,4.96
5023,4.95
5024,4.92
5025,4.87
5026,4.81
5027,4.74
5028,4.66
5029,4.58
5030,4.51
5031,4.45
5032,4.40
5033,4.37
5034,4.36
5035,4.37
5036,4.40
5037,4.45
5038,4.51
5039,4.58
5040,4.65
5041,4.73
5042,4.80
5043,4.87
5044,4.91
5045,4.94
5046,4.95
5047,4.94
5048,4.91
5049,4.87
5050,4.80
5051,4.73
5052,4.65
5053,4.58
5054,4.50
5055,4.44
5056,4.39
5057,4.36
5058,4.35
5059,4.36
5060,4.39
5061,4.44
5062,4.50
5063,4.58
5064,4.65
5065,4.73
5066,4.80
5067,4.86
5068,4.91
5069,4.94
5070,4.95
5071,4.94
5072,4.91
5073,4.86
5074,4.80
5075,4.73
5076,4.65
5077,4.57
5078,4.50
5079,4.44
5080,4.39
5081,4.36
5082,4.35
5083,4.36
5084,4.39
5085,4.44
5086,4.50
5087,4.57
5088,4.64
5089,4.72
5090,4.79
5091,4.86
5092,4.90
5093,4.93
5094,4.94
5095,4.93
5096,4.90
5097,4.86
5098,4.79
5099,4.72
5100,4.64
5101,4.57
5102,4.49
5103,4.43
5104,4.38
5105,4.35
5106,4.34
5107,4.35
5108,4.38
5109,4.43
5110,4.49
5111,4.57
5112,4.64
5113,4.72
5114,4.79
5115,4.86
5116,4.90
5117,4.93
5118,4.94
5119,4.93
5120,4.90
5121,4.86
5122,4.79
5123,4.72
5124,4.64
5125,4.57
5126,4.49
5127,4.43
5128,4.38
5129,4.35
5130,4.34
5131,4.35
5132,4.38
5133,4.43
5134,4.49
5135,4.57
5136,4.65
5137,4.72
5138,4.80
5139,4.86
5140,4.90
5141,4.93
5142,4.95
5143,4.93
5144,4.90
5145,4.86
5146,4.80
5147,4.72
5148,4.65
5149,4.57
5150,4.50
5151,4.43
5152,4.39
5153,4.36
5154,4.35
5155,4.36
5156,4.39
5157,4.43
5158,4.50
5159,4.57
5160,4.65
5161,4.73
5162,4.80
5163,4.86
5164,4.91
5165,4.94
5166,4.95
5167,4.94
5168,4.91
5169,4.86
5170,4.80
5171,4.73
5172,4.65
5173,4.57
5174,4.50
5175,4.44
5176,4.39
5177,4.36
5178,4.35
5179,4.36
5180,4.39
5181,4.44
5182,4.50
5183,4.57
5184,4.66
5185,4.73
5186,4.81
5187,4.87
5188,4.92
5189,4.95
5190,4.96
5191,4.95
5192,4.92
5193,4.87
5194,4.81
5195,4.73
5196,4.66
5197,4.58
5198,4.51
5199,4.44
5200,4.40
5201,4.37
5202,4.36
5203,4.37
5204,4.40
5205,4.44
5206,4.51
5207,4.58
5208,4.66
5209,4.74
5210,4.81
5211,4.88
5212,4.92
5213,4.95
5214,4.96
5215,4.95
5216,4.92
5217,4.88
5218,4.81
5219,4.74
5220,4.66
5221,4.59
5222,4.51
5223,4.45
5224,4.40
5225,4.37
5226,4.36
5227,4.37
5228,4.40
5229,4.45
5230,4.51
5231,4.59
5232,4.68
5233,4.75
5234,4.83
5235,4.89
5236,4.94
5237,4.97
5238,4.98
5239,4.97
5240,4.94
5241,4.89
5242,4.83
5243,4.75
5244,4.68
5245,4.60
5246,4.53
5247,4.46
5248,4.42
5249,4.39
5250,4.38
5251,4.39
5252,4.42
5253,4.46
5254,4.53
5255,4.60
5256,4.69
5257,4.77
5258,4.84
5259,4.90
5260,4.95
5261,4.98
5262,4.99
5263,4.98
5264,4.95
5265,4.90
5266,4.84
5267,4.77
5268,4.69
5269,4.61
5270,4.54
5271,4.48
5272,4.43
5273,4.40
5274,4.39
5275,4.40
5276,4.43
5277,4.48
5278,4.54
5279,4.61
5280,4.71
5281,4.78
5282,4.86
5283,4.92
5284,4.97
5285,5.00
5286,5.01
5287,5.00
5288,4.97
5289,4.92
5290,4.86
5291,4.78
5292,4.71
5293,4.63
5294,4.56
5295,4.49
5296,4.45
5297,4.42
5298,4.41
5299,4.42
5300,4.45
5301,4.49
5302,4.56
5303,4.63
5304,4.72
5305,4.80
5306,4.87
5307,4.94
5308,4.98
5309,5.01
5310,5.02
5311,5.01
5312,4.98
5313,4.94
5314,4.87
5315,4.80
5316,4.72
5317,4.65
5318,4.57
5319,4.51
5320,4.46
5321,4.43
5322,4.42
5323,4.43
5324,4.46
5325,4.51
5326,4.57
5327,4.65
5328,4.75
5329,4.82
5330,4.90
5331,4.96
5332,5.00
5333,5.03
5334,5.05
5335,5.03
5336,5.00
5337,4.96
5338,4.90
5339,4.82
5340,4.75
5341,4.67
5342,4.60
5343,4.53
5344,4.49
5345,4.46
5346,4.45
5347,4.46
5348,4.49
5349,4.53
5350,4.60
5351,4.67
5352,4.77
5353,4.85
5354,4.92
5355,4.98
5356,5.03
5357,5.06
5358,5.07
5359,5.06
5360,5.03
5361,4.98
5362,4.92
5363,4.85
5364,4.77
5365,4.69
5366,4.62
5367,4.56
5368,4.51
5369,4.48
5370,4.47
5371,4.48
5372,4.51
5373,4.56
5374,4.62
5375,4.69
5376,4.79
5377,4.87
5378,4.94
5379,5.01
5380,5.05
5381,5.08
5382,5.09
5383,5.08
5384,5.05
5385,5.01
5386,4.94
5387,4.87
5388,4.79
5389,4.72
5390,4.64
5391,4.58
5392,4.53
5393,4.50
5394,4.49
5395,4.50
5396,4.53
5397,4.58
5398,4.64
5399,4.72
5400,4.82
5401,4.90
5402,4.97
5403,5.03
5404,5.08
5405,5.11
5406,5.12
5407,5.11
5408,5.08
5409,5.03
5410,4.97
5411,4.90
5412,4.82
5413,4.74
5414,4.67
5415,4.61
5416,4.56
5417,4.53
5418,4.52
5419,4.53
5420,4.56
5421,4.61
5422,4.67
5423,4.74
5424,4.85
5425,4.93
5426,5.00
5427,5.07
5428,5.11
5429,5.14
5430,5.15
5431,5.14
5432,5.11
5433,5.07
5434,5.00
5435,4.93
5436,4.85
5437,4.78
5438,4.70
5439,4.64
5440,4.59
5441,4.56
5442,4.55
5443,4.56
5444,4.59
5445,4.64
5446,4.70
5447,4.78
5448,4.89
5449,4.96
5450,5.04
5451,5.10
5452,5.15
5453,5.18
5454,5.19
5455,5.18
5456,5.15
5457,5.10
5458,5.04
5459,4.96
5460,4.89
5461,4.81
5462,4.74
5463,4.67
5464,4.63
5465,4.60
5466,4.59
5467,4.60
5468,4.63
5469,4.67
5470,4.74
5471,4.81
5472,4.92
5473,5.00
5474,5.07
5475,5.13
5476,5.18
5477,5.21
5478,5.22
5479,5.21
5480,5.18
5481,5.13
5482,5.07
5483,5.00
5484,4.92
5485,4.84
5486,4.77
5487,4.71
5488,4.66
5489,4.63
5490,4.62
5491,4.63
5492,4.66
5493,4.71
5494,4.77
5495,4.84
5496,4.96
5497,5.04
5498,5.11
5499,5.17
5500,5.22
5501,5.25
5502,5.26
5503,5.25
5504,5.22
5505,5.17
5506,5.11
5507,5.04
5508,4.96
5509,4.88
5510,4.81
5511,4.75
5512,4.70
5513,4.67
5514,4.66
5515,4.67
5516,4.70
5517,4.75
5518,4.81
5519,4.88
5520,5.00
5521,5.08
5522,5.15
5523,5.21
5524,5.26
5525,5.29
5526,5.30
5527,5.29
5528,5.26
5529,5.21
5530,5.15
5531,5.08
5532,5.00
5533,4.92
5534,4.85
5535,4.79
5536,4.74
5537,4.71
5538,4.70
5539,4.71
5540,4.74
5541,4.79
5542,4.85
5543,4.92
5544,5.04
5545,5.12
5546,5.19
5547,5.25
5548,5.30
5549,5.33
5550,5.34
5551,5.33
5552,5.30
5553,5.25
5554,5.19
5555,5.12
5556,5.04
5557,4.96
5558,4.89
5559,4.83
5560,4.78
5561,4.75
5562,4.74
5563,4.75
5564,4.78
5565,4.83
5566,4.89
5567,4.96
5568,5.09
5569,5.16
5570,5.24
5571,5.30
5572,5.35
5573,5.38
5574,5.39
5575,5.38
5576,5.35
5577,5.30
5578,5.24
5579,5.16
5580,5.09
5581,5.01
5582,4.94
5583,4.87
5584,4.83
5585,4.80
5586,4.79
5587,4.80
5588,4.83
5589,4.87
5590,4.94
5591,5.01
5592,5.13
5593,5.21
5594,5.28
5595,5.34
5596,5.39
5597,5.42
5598,5.43
5599,5.42
5600,5.39
5601,5.34
5602,5.28
5603,5.21
5604,5.13
5605,5.05
5606,4.98
5607,4.92
5608,4.87
5609,4.84
5610,4.83
5611,4.84
5612,4.87
5613,4.92
5614,4.98
5615,5.05
5616,5.18
5617,5.26
5618,5.33
5619,5.39
5620,5.44
5621,5.47
5622,5.48
5623,5.47
5624,5.44
5625,5.39
5626,5.33
5627,5.26
5628,5.18
5629,5.10
5630,5.03
5631,4.97
5632,4.92
5633,4.89
5634,4.88
5635,4.89
5636,4.92
5637,4.97
5638,5.03
5639,5.10
5640,5.23
5641,5.31
5642,5.38
5643,5.44
5644,5.49
5645,5.52
5646,5.53
5647,5.52
5648,5.49
5649,5.44
5650,5.38
5651,5.31
5652,5.23
5653,5.15
5654,5.08
5655,5.02
5656,4.97
5657,4.94
5658,4.93
5659,4.94
5660,4.97
5661,5.02
5662,5.08
5663,5.15
5664,5.29
5665,5.36
5666,5.44
5667,5.50
5668,5.55
5669,5.58
5670,5.59
5671,5.58
5672,5.55
5673,5.50
5674,5.44
5675,5.36
5676,5.29
5677,5.21
5678,5.14
5679,5.07
5680,5.03
5681,5.00
5682,4.99
5683,5.00
5684,5.03
5685,5.07
5686,5.14
5687,5.21
5688,5.34
5689,5.42
5690,5.49
5691,5.55
5692,5.60
5693,5.63
5694,5.64
5695,5.63
5696,5.60
5697,5.55
5698,5.49
5699,5.42
5700,5.34
5701,5.26
5702,5.19
5703,5.13
5704,5.08
5705,5.05
5706,5.04
5707,5.05
5708,5.08
5709,5.13
5710,5.19
5711,5.26
5712,5.40
5713,5.48
5714,5.55
5715,5.61
5716,5.66
5717,5.69
5718,5.70
5719,5.69
5720,5.66
5721,5.61
5722,5.55
5723,5.48
5724,5.40
5725,5.32
5726,5.25
5727,5.19
5728,5.14
5729,5.11
5730,5.10
5731,5.11
5732,5.14
5733,5.19
5734,5.25
5735,5.32
5736,5.46
5737,5.53
5738,5.61
5739,5.67
5740,5.72
5741,5.75
5742,5.76
5743,5.75
5744,5.72
5745,5.67
5746,5.61
5747,5.53
5748,5.46
5749,5.38
5750,5.31
5751,5.24
5752,5.20
5753,5.17
5754,5.16
5755,5.17
5756,5.20
5757,5.24
5758,5.31
5759,5.38
5760,5.52
5761,5.59
5762,5.67
5763,5.73
5764,5.78
5765,5.81
5766,5.82
5767,5.81
5768,5.78
5769,5.73
5770,5.67
5771,5.59
5772,5.52
5773,5.44
5774,5.37
5775,5.31
5776,5.26
5777,5.23
5778,5.22
5779,5.23
5780,5.26
5781,5.31
5782,5.37
5783,5.44
5784,5.58
5785,5.66
5786,5.73
5787,5.79
5788,5.84
5789,5.87
5790,5.88
5791,5.87
5792,5.84
5793,5.79
5794,5.73
5795,5.66
5796,5.58
5797,5.50
5798,5.43
5799,5.37
5800,5.32
5801,5.29
5802,5.28
5803,5.29
5804,5.32
5805,5.37
5806,5.43
5807,5.50
5808,5.64
5809,5.72
5810,5.79
5811,5.86
5812,5.90
5813,5.93
5814,5.94
5815,5.93
5816,5.90
5817,5.86
5818,5.79
5819,5.72
5820,5.64
5821,5.57
5822,5.49
5823,5.43
5824,5.38
5825,5.35
5826,5.34
5827,5.35
5828,5.38
5829,5.43
5830,5.49
5831,5.57
5832,5.71
5833,5.79
5834,5.86
5835,5.92
5836,5.97
5837,6.00
5838,6.01
5839,6.00
5840,5.97
5841,5.92
5842,5.86
5843,5.79
5844,5.71
5845,5.63
5846,5.56
5847,5.50
5848,5.45
5849,5.42
5850,5.41
5851,5.42
5852,5.45
5853,5.50
5854,5.56
5855,5.63
5856,5.78
5857,5.85
5858,5.93
5859,5.99
5860,6.04
5861,6.07
5862,6.08
5863,6.07
5864,6.04
5865,5.99
5866,5.93
5867,5.85
5868,5.78
5869,5.70
5870,5.63
5871,5.56
5872,5.52
5873,5.49
5874,5.48
5875,5.49
5876,5.52
5877,5.56
5878,5.63
5879,5.70
5880,5.85
5881,5.92
5882,6.00
5883,6.06
5884,6.10
5885,6.13
5886,6.15
5887,6.13
5888,6.10
5889,6.06
5890,6.00
5891,5.92
5892,5.85
5893,5.77
5894,5.70
5895,5.63
5896,5.59
5897,5.56
5898,5.55
5899,5.56
5900,5.59
5901,5.63
5902,5.70
5903,5.77
5904,5.91
5905,5.99
5906,6.06
5907,6.13
5908,6.17
5909,6.20
5910,6.21
5911,6.20
5912,6.17
5913,6.13
5914,6.06
5915,5.99
5916,5.91
5917,5.84
5918,5.76
5919,5.70
5920,5.66
5921,5.63
5922,5.61
5923,5.63
5924,5.66
5925,5.70
5926,5.76
5927,5.84
5928,5.99
5929,6.06
5930,6.14
5931,6.20
5932,6.25
5933,6.28
5934,6.29
5935,6.28
5936,6.25
5937,6.20
5938,6.14
5939,6.06
5940,5.99
5941,5.91
5942,5.84
5943,5.77
5944,5.73
5945,5.70
5946,5.69
5947,5.70
5948,5.73
5949,5.77
5950,5.84
5951,5.91
5952,6.06
5953,6.14
5954,6.21
5955,6.27
5956,6.32
5957,6.35
5958,6.36
5959,6.35
5960,6.32
5961,6.27
5962,6.21
5963,6.14
5964,6.06
5965,5.98
5966,5.91
5967,5.85
5968,5.80
5969,5.77
5970,5.76
5971,5.77
5972,5.80
5973,5.85
5974,5.91
5975,5.98
5976,6.13
5977,6.21
5978,6.28
5979,6.34
5980,6.39
5981,6.42
5982,6.43
5983,6.42
5984,6.39
5985,6.34
5986,6.28
5987,6.21
5988,6.13
5989,6.05
5990,5.98
5991,5.92
5992,5.87
5993,5.84
5994,5.83
5995,5.84
5996,5.87
5997,5.92
5998,5.98
5999,6.05
6000,6.20
6001,6.28
6002,6.35
6003,6.42
6004,6.46
6005,6.49
6006,6.50
6007,6.49
6008,6.46
6009,6.42
6010,6.35
6011,6.28
6012,6.20
6013,6.13
6014,6.05
6015,5.99
6016,5.94
6017,5.91
6018,5.90
6019,5.91
6020,5.94
6021,5.99
6022,6.05
6023,6.13
6024,6.28
6025,6.36
6026,6.43
6027,6.49
6028,6.54
6029,6.57
6030,6.58
6031,6.57
6032,6.54
6033,6.49
6034,6.43
6035,6.36
6036,6.28
6037,6.20
6038,6.13
6039,6.07
6040,6.02
6041,5.99
6042,5.98
6043,5.99
6044,6.02
6045,6.07
6046,6.13
6047,6.20
6048,6.35
6049,6.43
6050,6.50
6051,6.56
6052,6.61
6053,6.64
6054,6.65
6055,6.64
6056,6.61
6057,6.56
6058,6.50
6059,6.43
6060,6.35
6061,6.27
6062,6.20
6063,6.14
6064,6.09
6065,6.06
6066,6.05
6067,6.06
6068,6.09
6069,6.14
6070,6.20
6071,6.27
6072,6.43
6073,6.50
6074,6.58
6075,6.64
6076,6.69
6077,6.72
6078,6.73
6079,6.72
6080,6.69
6081,6.64
6082,6.58
6083,6.50
6084,6.43
6085,6.35
6086,6.28
6087,6.22
6088,6.17
6089,6.14
6090,6.13
6091,6.14
6092,6.17
6093,6.22
6094,6.28
6095,6.35
6096,6.50
6097,6.58
6098,6.65
6099,6.71
6100,6.76
6101,6.79
6102,6.80
6103,6.79
6104,6.76
6105,6.71
6106,6.65
6107,6.58
6108,6.50
6109,6.42
6110,6.35
6111,6.29
6112,6.24
6113,6.21
6114,6.20
6115,6.21
6116,6.24
6117,6.29
6118,6.35
6119,6.42
6120,6.58
6121,6.65
6122,6.73
6123,6.79
6124,6.84
6125,6.87
6126,6.88
6127,6.87
6128,6.84
6129,6.79
6130,6.73
6131,6.65
6132,6.58
6133,6.50
6134,6.43
6135,6.36
6136,6.32
6137,6.29
6138,6.28
6139,6.29
6140,6.32
6141,6.36
6142,6.43
6143,6.50
6144,6.65
6145,6.73
6146,6.80
6147,6.86
6148,6.91
6149,6.94
6150,6.95
6151,6.94
6152,6.91
6153,6.86
6154,6.80
6155,6.73
6156,6.65
6157,6.57
6158,6.50
6159,6.44
6160,6.39
6161,6.36
6162,6.35
6163,6.36
6164,6.39
6165,6.44
6166,6.50
6167,6.57
6168,6.73
6169,6.80
6170,6.88
6171,6.94
6172,6.99
6173,7.02
6174,7.03
6175,7.02
6176,6.99
6177,6.94
6178,6.88
6179,6.80
6180,6.73
6181,6.65
6182,6.58
6183,6.51
6184,6.47
6185,6.44
6186,6.43
6187,6.44
6188,6.47
6189,6.51
6190,6.58
6191,6.65
6192,6.80
6193,6.88
6194,6.95
6195,7.01
6196,7.06
6197,7.09
6198,7.10
6199,7.09
6200,7.06
6201,7.01
6202,6.95
6203,6.88
6204,6.80
6205,6.72
6206,6.65
6207,6.59
6208,6.54
6209,6.51
6210,6.50
6211,6.51
6212,6.54
6213,6.59
6214,6.65
6215,6.72
6216,6.87
6217,6.95
6218,7.02
6219,7.09
6220,7.13
6221,7.16
6222,7.17
6223,7.16
6224,7.13
6225,7.09
6226,7.02
6227,6.95
6228,6.87
6229,6.80
6230,6.72
6231,6.66
6232,6.61
6233,6.58
6234,6.57
6235,6.58
6236,6.61
6237,6.66
6238,6.72
6239,6.80
6240,6.95
6241,7.02
6242,7.10
6243,7.16
6244,7.21
6245,7.24
6246,7.25
6247,7.24
6248,7.21
6249,7.16
6250,7.10
6251,7.02
6252,6.95
6253,6.87
6254,6.80
6255,6.73
6256,6.69
6257,6.66
6258,6.65
6259,6.66
6260,6.69
6261,6.73
6262,6.80
6263,6.87
6264,7.02
6265,7.09
6266,7.17
6267,7.23
6268,7.28
6269,7.31
6270,7.32
6271,7.31
6272,7.28
6273,7.23
6274,7.17
6275,7.09
6276,7.02
6277,6.94
6278,6.87
6279,6.80
6280,6.76
6281,6.73
6282,6.72
6283,6.73
6284,6.76
6285,6.80
6286,6.87
6287,6.94
6288,7.09
6289,7.16
6290,7.24
6291,7.30
6292,7.35
6293,7.38
6294,7.39
6295,7.38
6296,7.35
6297,7.30
6298,7.24
6299,7.16
6300,7.09
6301,7.01
6302,6.94
6303,6.87
6304,6.83
6305,6.80
6306,6.79
6307,6.80
6308,6.83
6309,6.87
6310,6.94
6311,7.01
6312,7.16
6313,7.23
6314,7.31
6315,7.37
6316,7.42
6317,7.45
6318,7.46
6319,7.45
6320,7.42
6321,7.37
6322,7.31
6323,7.23
6324,7.16
6325,7.08
6326,7.01
6327,6.94
6328,6.90
6329,6.87
6330,6.86
6331,6.87
6332,6.90
6333,6.94
6334,7.01
6335,7.08
6336,7.22
6337,7.30
6338,7.37
6339,7.43
6340,7.48
6341,7.51
6342,7.52
6343,7.51
6344,7.48
6345,7.43
6346,7.37
6347,7.30
6348,7.22
6349,7.14
6350,7.07
6351,7.01
6352,6.96
6353,6.93
6354,6.92
6355,6.93
6356,6.96
6357,7.01
6358,7.07
6359,7.14
6360,7.29
6361,7.37
6362,7.44
6363,7.50
6364,7.55
6365,7.58
6366,7.59
6367,7.58
6368,7.55
6369,7.50
6370,7.44
6371,7.37
6372,7.29
6373,7.21
6374,7.14
6375,7.08
6376,7.03
6377,7.00
6378,6.99
6379,7.00
6380,7.03
6381,7.08
6382,7.14
6383,7.21
6384,7.35
6385,7.43
6386,7.50
6387,7.56
6388,7.61
6389,7.64
6390,7.65
6391,7.64
6392,7.61
6393,7.56
6394,7.50
6395,7.43
6396,7.35
6397,7.27
6398,7.20
6399,7.14
6400,7.09
6401,7.06
6402,7.05
6403,7.06
6404,7.09
6405,7.14
6406,7.20
6407,7.27
6408,7.41
6409,7.49
6410,7.56
6411,7.62
6412,7.67
6413,7.70
6414,7.71
6415,7.70
6416,7.67
6417,7.62
6418,7.56
6419,7.49
6420,7.41
6421,7.33
6422,7.26
6423,7.20
6424,7.15
6425,7.12
6426,7.11
6427,7.12
6428,7.15
6429,7.20
6430,7.26
6431,7.33
6432,7.47
6433,7.55
6434,7.62
6435,7.68
6436,7.73
6437,7.76
6438,7.77
6439,7.76
6440,7.73
6441,7.68
6442,7.62
6443,7.55
6444,7.47
6445,7.39
6446,7.32
6447,7.26
6448,7.21
6449,7.18
6450,7.17
6451,7.18
6452,7.21
6453,7.26
6454,7.32
6455,7.39
6456,7.53
6457,7.61
6458,7.68
6459,7.74
6460,7.79
6461,7.82
6462,7.83
6463,7.82
6464,7.79
6465,7.74
6466,7.68
6467,7.61
6468,7.53
6469,7.45
6470,7.38
6471,7.32
6472,7.27
6473,7.24
6474,7.23
6475,7.24
6476,7.27
6477,7.32
6478,7.38
6479,7.45
6480,7.58
6481,7.66
6482,7.73
6483,7.79
6484,7.84
6485,7.87
6486,7.88
6487,7.87
6488,7.84
6489,7.79
6490,7.73
6491,7.66
6492,7.58
6493,7.50
6494,7.43
6495,7.37
6496,7.32
6497,7.29
6498,7.28
6499,7.29
6500,7.32
6501,7.37
6502,7.43
6503,7.50
6504,7.63
6505,7.71
6506,7.78
6507,7.85
6508,7.89
6509,7.92
6510,7.93
6511,7.92
6512,7.89
6513,7.85
6514,7.78
6515,7.71
6516,7.63
6517,7.56
6518,7.48
6519,7.42
6520,7.37
6521,7.34
6522,7.33
6523,7.34
6524,7.37
6525,7.42
6526,7.48
6527,7.56
6528,7.68
6529,7.76
6530,7.83
6531,7.89
6532,7.94
6533,7.97
6534,7.98
6535,7.97
6536,7.94
6537,7.89
6538,7.83
6539,7.76
6540,7.68
6541,7.60
6542,7.53
6543,7.47
6544,7.42
6545,7.39
6546,7.38
6547,7.39
6548,7.42
6549,7.47
6550,7.53
6551,7.60
6552,7.73
6553,7.81
6554,7.88
6555,7.94
6556,7.99
6557,8.02
6558,8.03
6559,8.02
6560,7.99
6561,7.94
6562,7.88
6563,7.81
6564,7.73
6565,7.65
6566,7.58
6567,7.52
6568,7.47
6569,7.44
6570,7.43
6571,7.44
6572,7.47
6573,7.52
6574,7.58
6575,7.65
6576,7.77
6577,7.85
6578,7.92
6579,7.98
6580,8.03
6581,8.06
6582,8.07
6583,8.06
6584,8.03
6585,7.98
6586,7.92
6587,7.85
6588,7.77
6589,7.69
6590,7.62
6591,7.56
6592,7.51
6593,7.48
6594,7.47
6595,7.48
6596,7.51
6597,7.56
6598,7.62
6599,7.69
6600,7.81
6601,7.89
6602,7.96
6603,8.02
6604,8.07
6605,8.10
6606,8.11
6607,8.10
6608,8.07
6609,8.02
6610,7.96
6611,7.89
6612,7.81
6613,7.73
6614,7.66
6615,7.60
6616,7.55
6617,7.52
6618,7.51
6619,7.52
6620,7.55
6621,7.60
6622,7.66
6623,7.73
6624,7.84
6625,7.92
6626,7.99
6627,8.06
6628,8.10
6629,8.13
6630,8.14
6631,8.13
6632,8.10
6633,8.06
6634,7.99
6635,7.92
6636,7.84
6637,7.77
6638,7.69
6639,7.63
6640,7.58
6641,7.55
6642,7.54
6643,7.55
6644,7.58
6645,7.63
6646,7.69
6647,7.77
6648,7.88
6649,7.95
6650,8.03
6651,8.09
6652,8.14
6653,8.17
6654,8.18
6655,8.17
6656,8.14
6657,8.09
6658,8.03
6659,7.95
6660,7.88
6661,7.80
6662,7.73
6663,7.66
6664,7.62
6665,7.59
6666,7.58
6667,7.59
6668,7.62
6669,7.66
6670,7.73
6671,7.80
6672,7.91
6673,7.98
6674,8.06
6675,8.12
6676,8.17
6677,8.20
6678,8.21
6679,8.20
6680,8.17
6681,8.12
6682,8.06
6683,7.98
6684,7.91
6685,7.83
6686,7.76
6687,7.69
6688,7.65
6689,7.62
6690,7.61
6691,7.62
6692,7.65
6693,7.69
6694,7.76
6695,7.83
6696,7.93
6697,8.01
6698,8.08
6699,8.14
6700,8.19
6701,8.22
6702,8.23
6703,8.22
6704,8.19
6705,8.14
6706,8.08
6707,8.01
6708,7.93
6709,7.85
6710,7.78
6711,7.72
6712,7.67
6713,7.64
6714,7.63
6715,7.64
6716,7.67
6717,7.72
6718,7.78
6719,7.85
6720,7.95
6721,8.03
6722,8.10
6723,8.16
6724,8.21
6725,8.24
6726,8.25
6727,8.24
6728,8.21
6729,8.16
6730,8.10
6731,8.03
6732,7.95
6733,7.87
6734,7.80
6735,7.74
6736,7.69
6737,7.66
6738,7.65
6739,7.66
6740,7.69
6741,7.74
6742,7.80
6743,7.87
6744,7.97
6745,8.05
6746,8.12
6747,8.18
6748,8.23
6749,8.26
6750,8.27
6751,8.26
6752,8.23
6753,8.18
6754,8.12
6755,8.05
6756,7.97
6757,7.89
6758,7.82
6759,7.76
6760,7.71
6761,7.68
6762,7.67
6763,7.68
6764,7.71
6765,7.76
6766,7.82
6767,7.89
6768,7.98
6769,8.06
6770,8.13
6771,8.20
6772,8.24
6773,8.27
6774,8.28
6775,8.27
6776,8.24
6777,8.20
6778,8.13
6779,8.06
6780,7.98
6781,7.91
6782,7.83
6783,7.77
6784,7.72
6785,7.69
6786,7.68
6787,7.69
6788,7.72
6789,7.77
6790,7.83
6791,7.91
6792,7.99
6793,8.07
6794,8.14
6795,8.20
6796,8.25
6797,8.28
6798,8.29
6799,8.28
6800,8.25
6801,8.20
6802,8.14
6803,8.07
6804,7.99
6805,7.92
6806,7.84
6807,7.78
6808,7.73
6809,7.70
6810,7.69
6811,7.70
6812,7.73
6813,7.78
6814,7.84
6815,7.92
6816,8.00
6817,8.08
6818,8.15
6819,8.21
6820,8.26
6821,8.29
6822,8.30
6823,8.29
6824,8.26
6825,8.21
6826,8.15
6827,8.08
6828,8.00
6829,7.92
6830,7.85
6831,7.79
6832,7.74
6833,7.71
6834,7.70
6835,7.71
6836,7.74
6837,7.79
6838,7.85
6839,7.92
6840,8.00
6841,8.08
6842,8.15
6843,8.21
6844,8.26
6845,8.29
6846,8.30
6847,8.29
6848,8.26
6849,8.21
6850,8.15
6851,8.08
6852,8.00
6853,7.92
6854,7.85
6855,7.79
6856,7.74
6857,7.71
6858,7.70
6859,7.71
6860,7.74
6861,7.79
6862,7.85
6863,7.92
6864,8.00
6865,8.08
6866,8.15
6867,8.21
6868,8.26
6869,8.29
6870,8.30
6871,8.29
6872,8.26
6873,8.21
6874,8.15
6875,8.08
6876,8.00
6877,7.92
6878,7.85
6879,7.79
6880,7.74
6881,7.71
6882,7.70
6883,7.71
6884,7.74
6885,7.79
6886,7.85
6887,7.92
6888,7.99
6889,8.07
6890,8.14
6891,8.20
6892,8.25
6893,8.28
6894,8.29
6895,8.28
6896,8.25
6897,8.20
6898,8.14
6899,8.07
6900,7.99
6901,7.91
6902,7.84
6903,7.78
6904,7.73
6905,7.70
6906,7.69
6907,7.70
6908,7.73
6909,7.78
6910,7.84
6911,7.91
6912,7.98
6913,8.06
6914,8.13
6915,8.19
6916,8.24
6917,8.27
6918,8.28
6919,8.27
6920,8.24
6921,8.19
6922,8.13
6923,8.06
6924,7.98
6925,7.91
6926,7.83
6927,7.77
6928,7.72
6929,7.69
6930,7.68
6931,7.69
6932,7.72
6933,7.77
6934,7.83
6935,7.91
6936,7.97
6937,8.05
6938,8.12
6939,8.18
6940,8.23
6941,8.26
6942,8.27
6943,8.26
6944,8.23
6945,8.18
6946,8.12
6947,8.05
6948,7.97
6949,7.89
6950,7.82
6951,7.76
6952,7.71
6953,7.68
6954,7.67
6955,7.68
6956,7.71
6957,7.76
6958,7.82
6959,7.89
6960,7.95
6961,8.03
6962,8.10
6963,8.16
6964,8.21
6965,8.24
6966,8.25
6967,8.24
6968,8.21
6969,8.16
6970,8.10
6971,8.03
6972,7.95
6973,7.87
6974,7.80
6975,7.74
6976,7.69
6977,7.66
6978,7.65
6979,7.66
6980,7.69
6981,7.74
6982,7.80
6983,7.87
6984,7.93
6985,8.01
6986,8.08
6987,8.14
6988,8.19
6989,8.22
6990,8.23
6991,8.22
6992,8.19
6993,8.14
6994,8.08
6995,8.01
6996,7.93
6997,7.85
6998,7.78
6999,7.72
7000,7.67
7001,7.64
7002,7.63
7003,7.64
7004,7.67
7005,7.72
7006,7.78
7007,7.85
7008,7.90
7009,7.98
7010,8.05
7011,8.12
7012,8.16
7013,8.19
7014,8.20
7015,8.19
7016,8.16
7017,8.12
7018,8.05
7019,7.98
7020,7.90
7021,7.83
7022,7.75
7023,7.69
7024,7.64
7025,7.61
7026,7.60
7027,7.61
7028,7.64
7029,7.69
7030,7.75
7031,7.83
7032,7.88
7033,7.95
7034,8.03
7035,8.09
7036,8.14
7037,8.17
7038,8.18
7039,8.17
7040,8.14
7041,8.09
7042,8.03
7043,7.95
7044,7.88
7045,7.80
7046,7.73
7047,7.66
7048,7.62
7049,7.59
7050,7.58
7051,7.59
7052,7.62
7053,7.66
7054,7.73
7055,7.80
7056,7.84
7057,7.92
7058,7.99
7059,8.06
7060,8.10
7061,8.13
7062,8.14
7063,8.13
7064,8.10
7065,8.06
7066,7.99
7067,7.92
7068,7.84
7069,7.77
7070,7.69
7071,7.63
7072,7.58
7073,7.55
7074,7.54
7075,7.55
7076,7.58
7077,7.63
7078,7.69
7079,7.77
7080,7.81
7081,7.89
7082,7.96
7083,8.02
7084,8.07
7085,8.10
7086,8.11
7087,8.10
7088,8.07
7089,8.02
7090,7.96
7091,7.89
7092,7.81
7093,7.73
7094,7.66
7095,7.60
7096,7.55
7097,7.52
7098,7.51
7099,7.52
7100,7.55
7101,7.60
7102,7.66
7103,7.73
7104,7.77
7105,7.85
7106,7.92
7107,7.98
7108,8.03
7109,8.06
7110,8.07
7111,8.06
7112,8.03
7113,7.98
7114,7.92
7115,7.85
7116,7.77
7117,7.69
7118,7.62
7119,7.56
7120,7.51
7121,7.48
7122,7.47
7123,7.48
7124,7.51
7125,7.56
7126,7.62
7127,7.69
7128,7.73
7129,7.80
7130,7.88
7131,7.94
7132,7.99
7133,8.02
7134,8.03
7135,8.02
7136,7.99
7137,7.94
7138,7.88
7139,7.80
7140,7.73
7141,7.65
7142,7.58
7143,7.51
7144,7.47
7145,7.44
7146,7.43
7147,7.44
7148,7.47
7149,7.51
7150,7.58
7151,7.65
7152,7.68
7153,7.76
7154,7.83
7155,7.89
7156,7.94
7157,7.97
7158,7.98
7159,7.97
7160,7.94
7161,7.89
7162,7.83
7163,7.76
7164,7.68
7165,7.60
7166,7.53
7167,7.47
7168,7.42
7169,7.39
7170,7.38
7171,7.39
7172,7.42
7173,7.47
7174,7.53
7175,7.60
7176,7.63
7177,7.71
7178,7.78
7179,7.84
7180,7.89
7181,7.92
7182,7.93
7183,7.92
7184,7.89
7185,7.84
7186,7.78
7187,7.71
7188,7.63
7189,7.55
7190,7.48
7191,7.42
7192,7.37
7193,7.34
7194,7.33
7195,7.34
7196,7.37
7197,7.42
7198,7.48
7199,7.55
7200,7.58
7201,7.66
7202,7.73
7203,7.79
7204,7.84
7205,7.87
7206,7.88
7207,7.87
7208,7.84
7209,7.79
7210,7.73
7211,7.66
7212,7.58
7213,7.50
7214,7.43
7215,7.37
7216,7.32
7217,7.29
7218,7.28
7219,7.29
7220,7.32
7221,7.37
7222,7.43
7223,7.50
7224,7.53
7225,7.60
7226,7.68
7227,7.74
7228,7.78
7229,7.81
7230,7.83
7231,7.81
7232,7.78
7233,7.74
7234,7.68
7235,7.60
7236,7.53
7237,7.45
7238,7.38
7239,7.31
7240,7.27
7241,7.24
7242,7.23
7243,7.24
7244,7.27
7245,7.31
7246,7.38
7247,7.45
7248,7.47
7249,7.55
7250,7.62
7251,7.68
7252,7.73
7253,7.76
7254,7.77
7255,7.76
7256,7.73
7257,7.68
7258,7.62
7259,7.55
7260,7.47
7261,7.39
7262,7.32
7263,7.26
7264,7.21
7265,7.18
7266,7.17
7267,7.18
7268,7.21
7269,7.26
7270,7.32
7271,7.39
7272,7.41
7273,7.49
7274,7.56
7275,7.62
7276,7.67
7277,7.70
7278,7.71
7279,7.70
7280,7.67
7281,7.62
7282,7.56
7283,7.49
7284,7.41
7285,7.33
7286,7.26
7287,7.20
7288,7.15
7289,7.12
7290,7.11
7291,7.12
7292,7.15
7293,7.20
7294,7.26
7295,7.33
7296,7.35
7297,7.42
7298,7.50
7299,7.56
7300,7.61
7301,7.64
7302,7.65
7303,7.64
7304,7.61
7305,7.56
7306,7.50
7307,7.42
7308,7.35
7309,7.27
7310,7.20
7311,7.13
7312,7.09
7313,7.06
7314,7.05
7315,7.06
7316,7.09
7317,7.13
7318,7.20
7319,7.27
7320,7.28
7321,7.36
7322,7.43
7323,7.50
7324,7.54
7325,7.57
7326,7.58
7327,7.57
7328,7.54
7329,7.50
7330,7.43
7331,7.36
7332,7.28
7333,7.21
7334,7.13
7335,7.07
7336,7.02
7337,6.99
7338,6.98
7339,6.99
7340,7.02
7341,7.07
7342,7.13
7343,7.21
7344,7.22
7345,7.29
7346,7.37
7347,7.43
7348,7.48
7349,7.51
7350,7.52
7351,7.51
7352,7.48
7353,7.43
7354,7.37
7355,7.29
7356,7.22
7357,7.14
7358,7.07
7359,7.01
7360,6.96
7361,6.93
7362,6.92
7363,6.93
7364,6.96
7365,7.01
7366,7.07
7367,7.14
7368,7.15
7369,7.23
7370,7.30
7371,7.36
7372,7.41
7373,7.44
7374,7.45
7375,7.44
7376,7.41
7377,7.36
7378,7.30
7379,7.23
7380,7.15
7381,7.07
7382,7.00
7383,6.94
7384,6.89
7385,6.86
7386,6.85
7387,6.86
7388,6.89
7389,6.94
7390,7.00
7391,7.07
7392,7.08
7393,7.16
7394,7.23
7395,7.29
7396,7.34
7397,7.37
7398,7.38
7399,7.37
7400,7.34
7401,7.29
7402,7.23
7403,7.16
7404,7.08
7405,7.00
7406,6.93
7407,6.87
7408,6.82
7409,6.79
7410,6.78
7411,6.79
7412,6.82
7413,6.87
7414,6.93
7415,7.00
7416,7.01
7417,7.09
7418,7.16
7419,7.22
7420,7.27
7421,7.30
7422,7.31
7423,7.30
7424,7.27
7425,7.22
7426,7.16
7427,7.09
7428,7.01
7429,6.93
7430,6.86
7431,6.80
7432,6.75
7433,6.72
7434,6.71
7435,6.72
7436,6.75
7437,6.80
7438,6.86
7439,6.93
7440,6.94
7441,7.02
7442,7.09
7443,7.15
7444,7.20
7445,7.23
7446,7.24
7447,7.23
7448,7.20
7449,7.15
7450,7.09
7451,7.02
7452,6.94
7453,6.86
7454,6.79
7455,6.73
7456,6.68
7457,6.65
7458,6.64
7459,6.65
7460,6.68
7461,6.73
7462,6.79
7463,6.86
7464,6.86
7465,6.94
7466,7.01
7467,7.08
7468,7.12
7469,7.15
7470,7.16
7471,7.15
7472,7.12
7473,7.08
7474,7.01
7475,6.94
7476,6.86
7477,6.79
7478,6.71
7479,6.65
7480,6.60
7481,6.57
7482,6.56
7483,6.57
7484,6.60
7485,6.65
7486,6.71
7487,6.79
7488,6.79
7489,6.87
7490,6.94
7491,7.00
7492,7.05
7493,7.08
7494,7.09
7495,7.08
7496,7.05
7497,7.00
7498,6.94
7499,6.87
7500,6.79
7501,6.71
7502,6.64
7503,6.58
7504,6.53
7505,6.50
7506,6.49
7507,6.50
7508,6.53
7509,6.58
7510,6.64
7511,6.71
7512,6.72
7513,6.79
7514,6.87
7515,6.93
7516,6.98
7517,7.01
7518,7.02
7519,7.01
7520,6.98
7521,6.93
7522,6.87
7523,6.79
7524,6.72
7525,6.64
7526,6.57
7527,6.50
7528,6.46
7529,6.43
7530,6.42
7531,6.43
7532,6.46
7533,6.50
7534,6.57
7535,6.64
7536,6.64
7537,6.72
7538,6.79
7539,6.85
7540,6.90
7541,6.93
7542,6.94
7543,6.93
7544,6.90
7545,6.85
7546,6.79
7547,6.72
7548,6.64
7549,6.56
7550,6.49
7551,6.43
7552,6.38
7553,6.35
7554,6.34
7555,6.35
7556,6.38
7557,6.43
7558,6.49
7559,6.56
7560,6.56
7561,6.64
7562,6.71
7563,6.78
7564,6.82
7565,6.85
7566,6.86
7567,6.85
7568,6.82
7569,6.78
7570,6.71
7571,6.64
7572,6.56
7573,6.49
7574,6.41
7575,6.35
7576,6.30
7577,6.27
7578,6.26
7579,6.27
7580,6.30
7581,6.35
7582,6.41
7583,6.49
7584,6.49
7585,6.57
7586,6.64
7587,6.70
7588,6.75
7589,6.78
7590,6.79
7591,6.78
7592,6.75
7593,6.70
7594,6.64
7595,6.57
7596,6.49
7597,6.41
7598,6.34
7599,6.28
7600,6.23
7601,6.20
7602,6.19
7603,6.20
7604,6.23
7605,6.28
7606,6.34
7607,6.41
7608,6.41
7609,6.49
7610,6.56
7611,6.62
7612,6.67
7613,6.70
7614,6.71
7615,6.70
7616,6.67
7617,6.62
7618,6.56
7619,6.49
7620,6.41
7621,6.33
7622,6.26
7623,6.20
7624,6.15
7625,6.12
7626,6.11
7627,6.12
7628,6.15
7629,6.20
7630,6.26
7631,6.33
7632,6.34
7633,6.41
7634,6.49
7635,6.55
7636,6.60
7637,6.63
7638,6.64
7639,6.63
7640,6.60
7641,6.55
7642,6.49
7643,6.41
7644,6.34
7645,6.26
7646,6.19
7647,6.12
7648,6.08
7649,6.05
7650,6.04
7651,6.05
7652,6.08
7653,6.12
7654,6.19
7655,6.26
7656,6.26
7657,6.34
7658,6.41
7659,6.47
7660,6.52
7661,6.55
7662,6.56
7663,6.55
7664,6.52
7665,6.47
7666,6.41
7667,6.34
7668,6.26
7669,6.18
7670,6.11
7671,6.05
7672,6.00
7673,5.97
7674,5.96
7675,5.97
7676,6.00
7677,6.05
7678,6.11
7679,6.18
7680,6.18
7681,6.26
7682,6.33
7683,6.40
7684,6.44
7685,6.47
7686,6.48
7687,6.47
7688,6.44
7689,6.40
7690,6.33
7691,6.26
7692,6.18
7693,6.11
7694,6.03
7695,5.97
7696,5.92
7697,5.89
7698,5.88
7699,5.89
7700,5.92
7701,5.97
7702,6.03
7703,6.11
7704,6.11
7705,6.19
7706,6.26
7707,6.32
7708,6.37
7709,6.40
7710,6.41
7711,6.40
7712,6.37
7713,6.32
7714,6.26
7715,6.19
7716,6.11
7717,6.03
7718,5.96
7719,5.90
7720,5.85
7721,5.82
7722,5.81
7723,5.82
7724,5.85
7725,5.90
7726,5.96
7727,6.03
7728,6.03
7729,6.11
7730,6.18
7731,6.25
7732,6.29
7733,6.32
7734,6.33
7735,6.32
7736,6.29
7737,6.25
7738,6.18
7739,6.11
7740,6.03
7741,5.96
7742,5.88
7743,5.82
7744,5.77
7745,5.74
7746,5.73
7747,5.74
7748,5.77
7749,5.82
7750,5.88
7751,5.96
7752,5.96
7753,6.04
7754,6.11
7755,6.17
7756,6.22
7757,6.25
7758,6.26
7759,6.25
7760,6.22
7761,6.17
7762,6.11
7763,6.04
7764,5.96
7765,5.88
7766,5.81
7767,5.75
7768,5.70
7769,5.67
7770,5.66
7771,5.67
7772,5.70
7773,5.75
7774,5.81
7775,5.88
7776,5.89
7777,5.97
7778,6.04
7779,6.10
7780,6.15
7781,6.18
7782,6.19
7783,6.18
7784,6.15
7785,6.10
7786,6.04
7787,5.97
7788,5.89
7789,5.81
7790,5.74
7791,5.68
7792,5.63
7793,5.60
7794,5.59
7795,5.60
7796,5.63
7797,5.68
7798,5.74
7799,5.81
7800,5.82
7801,5.89
7802,5.97
7803,6.03
7804,6.07
7805,6.10
7806,6.12
7807,6.10
7808,6.07
7809,6.03
7810,5.97
7811,5.89
7812,5.82
7813,5.74
7814,5.67
7815,5.60
7816,5.56
7817,5.53
7818,5.52
7819,5.53
7820,5.56
7821,5.60
7822,5.67
7823,5.74
7824,5.74
7825,5.82
7826,5.89
7827,5.96
7828,6.00
7829,6.03
7830,6.04
7831,6.03
7832,6.00
7833,5.96
7834,5.89
7835,5.82
7836,5.74
7837,5.67
7838,5.59
7839,5.53
7840,5.48
7841,5.45
7842,5.44
7843,5.45
7844,5.48
7845,5.53
7846,5.59
7847,5.67
7848,5.67
7849,5.75
7850,5.82
7851,5.89
7852,5.93
7853,5.96
7854,5.97
7855,5.96
7856,5.93
7857,5.89
7858,5.82
7859,5.75
7860,5.67
7861,5.60
7862,5.52
7863,5.46
7864,5.41
7865,5.38
7866,5.37
7867,5.38
7868,5.41
7869,5.46
7870,5.52
7871,5.60
7872,5.61
7873,5.68
7874,5.76
7875,5.82
7876,5.86
7877,5.89
7878,5.91
7879,5.89
7880,5.86
7881,5.82
7882,5.76
7883,5.68
7884,5.61
7885,5.53
7886,5.46
7887,5.39
7888,5.35
7889,5.32
7890,5.31
7891,5.32
7892,5.35
7893,5.39
7894,5.46
7895,5.53
7896,5.54
7897,5.62
7898,5.69
7899,5.75
7900,5.80
7901,5.83
7902,5.84
7903,5.83
7904,5.80
7905,5.75
7906,5.69
7907,5.62
7908,5.54
7909,5.46
7910,5.39
7911,5.33
7912,5.28
7913,5.25
7914,5.24
7915,5.25
7916,5.28
7917,5.33
7918,5.39
7919,5.46
7920,5.47
7921,5.55
7922,5.62
7923,5.68
7924,5.73
7925,5.76
7926,5.77
7927,5.76
7928,5.73
7929,5.68
7930,5.62
7931,5.55
7932,5.47
7933,5.39
7934,5.32
7935,5.26
7936,5.21
7937,5.18
7938,5.17
7939,5.18
7940,5.21
7941,5.26
7942,5.32
7943,5.39
7944,5.41
7945,5.48
7946,5.56
7947,5.62
7948,5.67
7949,5.70
7950,5.71
7951,5.70
7952,5.67
7953,5.62
7954,5.56
7955,5.48
7956,5.41
7957,5.33
7958,5.26
7959,5.19
7960,5.15
7961,5.12
7962,5.11
7963,5.12
7964,5.15
7965,5.19
7966,5.26
7967,5.33
7968,5.34
7969,5.42
7970,5.49
7971,5.56
7972,5.60
7973,5.63
7974,5.64
7975,5.63
7976,5.60
7977,5.56
7978,5.49
7979,5.42
7980,5.34
7981,5.27
7982,5.19
7983,5.13
7984,5.08
7985,5.05
7986,5.04
7987,5.05
7988,5.08
7989,5.13
7990,5.19
7991,5.27
7992,5.28
7993,5.36
7994,5.43
7995,5.49
7996,5.54
7997,5.57
7998,5.58
7999,5.57
8000,5.54
8001,5.49
8002,5.43
8003,5.36
8004,5.28
8005,5.20
8006,5.13
8007,5.07
8008,5.02
8009,4.99
8010,4.98
8011,4.99
8012,5.02
8013,5.07
8014,5.13
8015,5.20
8016,5.22
8017,5.30
8018,5.37
8019,5.43
8020,5.48
8021,5.51
8022,5.52
8023,5.51
8024,5.48
8025,5.43
8026,5.37
8027,5.30
8028,5.22
8029,5.14
8030,5.07
8031,5.01
8032,4.96
8033,4.93
8034,4.92
8035,4.93
8036,4.96
8037,5.01
8038,5.07
8039,5.14
8040,5.16
8041,5.24
8042,5.31
8043,5.38
8044,5.42
8045,5.45
8046,5.46
8047,5.45
8048,5.42
8049,5.38
8050,5.31
8051,5.24
8052,5.16
8053,5.09
8054,5.01
8055,4.95
8056,4.90
8057,4.87
8058,4.86
8059,4.87
8060,4.90
8061,4.95
8062,5.01
8063,5.09
8064,5.11
8065,5.18
8066,5.26
8067,5.32
8068,5.37
8069,5.40
8070,5.41
8071,5.40
8072,5.37
8073,5.32
8074,5.26
8075,5.18
8076,5.11
8077,5.03
8078,4.96
8079,4.90
8080,4.85
8081,4.82
8082,4.81
8083,4.82
8084,4.85
8085,4.90
8086,4.96
8087,5.03
8088,5.05
8089,5.13
8090,5.20
8091,5.26
8092,5.31
8093,5.34
8094,5.35
8095,5.34
8096,5.31
8097,5.26
8098,5.20
8099,5.13
8100,5.05
8101,4.97
8102,4.90
8103,4.84
8104,4.79
8105,4.76
8106,4.75
8107,4.76
8108,4.79
8109,4.84
8110,4.90
8111,4.97
8112,5.00
8113,5.08
8114,5.15
8115,5.21
8116,5.26
8117,5.29
8118,5.30
8119,5.29
8120,5.26
8121,5.21
8122,5.15
8123,5.08
8124,5.00
8125,4.92
8126,4.85
8127,4.79
8128,4.74
8129,4.71
8130,4.70
8131,4.71
8132,4.74
8133,4.79
8134,4.85
8135,4.92
8136,4.95
8137,5.03
8138,5.10
8139,5.16
8140,5.21
8141,5.24
8142,5.25
8143,5.24
8144,5.21
8145,5.16
8146,5.10
8147,5.03
8148,4.95
8149,4.87
8150,4.80
8151,4.74
8152,4.69
8153,4.66
8154,4.65
8155,4.66
8156,4.69
8157,4.74
8158,4.80
8159,4.87
8160,4.90
8161,4.98
8162,5.05
8163,5.11
8164,5.16
8165,5.19
8166,5.20
8167,5.19
8168,5.16
8169,5.11
8170,5.05
8171,4.98
8172,4.90
8173,4.82
8174,4.75
8175,4.69
8176,4.64
8177,4.61
8178,4.60
8179,4.61
8180,4.64
8181,4.69
8182,4.75
8183,4.82
8184,4.85
8185,4.93
8186,5.00
8187,5.06
8188,5.11
8189,5.14
8190,5.15
8191,5.14
8192,5.11
8193,5.06
8194,5.00
8195,4.93
8196,4.85
8197,4.77
8198,4.70
8199,4.64
8200,4.59
8201,4.56
8202,4.55
8203,4.56
8204,4.59
8205,4.64
8206,4.70
8207,4.77
8208,4.80
8209,4.88
8210,4.95
8211,5.02
8212,5.06
8213,5.09
8214,5.10
8215,5.09
8216,5.06
8217,5.02
8218,4.95
8219,4.88
8220,4.80
8221,4.73
8222,4.65
8223,4.59
8224,4.54
8225,4.51
8226,4.50
8227,4.51
8228,4.54
8229,4.59
8230,4.65
8231,4.73
8232,4.76
8233,4.84
8234,4.91
8235,4.97
8236,5.02
8237,5.05
8238,5.06
8239,5.05
8240,5.02
8241,4.97
8242,4.91
8243,4.84
8244,4.76
8245,4.68
8246,4.61
8247,4.55
8248,4.50
8249,4.47
8250,4.46
8251,4.47
8252,4.50
8253,4.55
8254,4.61
8255,4.68
8256,4.72
8257,4.79
8258,4.87
8259,4.93
8260,4.98
8261,5.01
8262,5.02
8263,5.01
8264,4.98
8265,4.93
8266,4.87
8267,4.79
8268,4.72
8269,4.64
8270,4.57
8271,4.50
8272,4.46
8273,4.43
8274,4.42
8275,4.43
8276,4.46
8277,4.50
8278,4.57
8279,4.64
8280,4.68
8281,4.75
8282,4.83
8283,4.89
8284,4.94
8285,4.97
8286,4.98
8287,4.97
8288,4.94
8289,4.89
8290,4.83
8291,4.75
8292,4.68
8293,4.60
8294,4.53
8295,4.46
8296,4.42
8297,4.39
8298,4.38
8299,4.39
8300,4.42
8301,4.46
8302,4.53
8303,4.60
8304,4.64
8305,4.71
8306,4.79
8307,4.85
8308,4.90
8309,4.93
8310,4.94
8311,4.93
8312,4.90
8313,4.85
8314,4.79
8315,4.71
8316,4.64
8317,4.56
8318,4.49
8319,4.42
8320,4.38
8321,4.35
8322,4.34
8323,4.35
8324,4.38
8325,4.42
8326,4.49
8327,4.56
8328,4.60
8329,4.68
8330,4.75
8331,4.81
8332,4.86
8333,4.89
8334,4.90
8335,4.89
8336,4.86
8337,4.81
8338,4.75
8339,4.68
8340,4.60
8341,4.52
8342,4.45
8343,4.39
8344,4.34
8345,4.31
8346,4.30
8347,4.31
8348,4.34
8349,4.39
8350,4.45
8351,4.52
8352,4.56
8353,4.64
8354,4.71
8355,4.78
8356,4.82
8357,4.85
8358,4.86
8359,4.85
8360,4.82
8361,4.78
8362,4.71
8363,4.64
8364,4.56
8365,4.49
8366,4.41
8367,4.35
8368,4.30
8369,4.27
8370,4.26
8371,4.27
8372,4.30
8373,4.35
8374,4.41
8375,4.49
8376,4.53
8377,4.61
8378,4.68
8379,4.74
8380,4.79
8381,4.82
8382,4.83
8383,4.82
8384,4.79
8385,4.74
8386,4.68
8387,4.61
8388,4.53
8389,4.45
8390,4.38
8391,4.32
8392,4.27
8393,4.24
8394,4.23
8395,4.24
8396,4.27
8397,4.32
8398,4.38
8399,4.45
8400,4.50
8401,4.57
8402,4.65
8403,4.71
8404,4.76
8405,4.79
8406,4.80
8407,4.79
8408,4.76
8409,4.71
8410,4.65
8411,4.57
8412,4.50
8413,4.42
8414,4.35
8415,4.28
8416,4.24
8417,4.21
8418,4.20
8419,4.21
8420,4.24
8421,4.28
8422,4.35
8423,4.42
8424,4.47
8425,4.54
8426,4.62
8427,4.68
8428,4.73
8429,4.76
8430,4.77
8431,4.76
8432,4.73
8433,4.68
8434,4.62
8435,4.54
8436,4.47
8437,4.39
8438,4.32
8439,4.25
8440,4.21
8441,4.18
8442,4.17
8443,4.18
8444,4.21
8445,4.25
8446,4.32
8447,4.39
8448,4.44
8449,4.51
8450,4.59
8451,4.65
8452,4.70
8453,4.73
8454,4.74
8455,4.73
8456,4.70
8457,4.65
8458,4.59
8459,4.51
8460,4.44
8461,4.36
8462,4.29
8463,4.22
8464,4.18
8465,4.15
8466,4.14
8467,4.15
8468,4.18
8469,4.22
8470,4.29
8471,4.36
8472,4.41
8473,4.49
8474,4.56
8475,4.62
8476,4.67
8477,4.70
8478,4.71
8479,4.70
8480,4.67
8481,4.62
8482,4.56
8483,4.49
8484,4.41
8485,4.33
8486,4.26
8487,4.20
8488,4.15
8489,4.12
8490,4.11
8491,4.12
8492,4.15
8493,4.20
8494,4.26
8495,4.33
8496,4.38
8497,4.46
8498,4.53
8499,4.59
8500,4.64
8501,4.67
8502,4.68
8503,4.67
8504,4.64
8505,4.59
8506,4.53
8507,4.46
8508,4.38
8509,4.30
8510,4.23
8511,4.17
8512,4.12
8513,4.09
8514,4.08
8515,4.09
8516,4.12
8517,4.17
8518,4.23
8519,4.30
8520,4.36
8521,4.43
8522,4.51
8523,4.57
8524,4.62
8525,4.65
8526,4.66
8527,4.65
8528,4.62
8529,4.57
8530,4.51
8531,4.43
8532,4.36
8533,4.28
8534,4.21
8535,4.14
8536,4.10
8537,4.07
8538,4.06
8539,4.07
8540,4.10
8541,4.14
8542,4.21
8543,4.28
8544,4.33
8545,4.41
8546,4.48
8547,4.54
8548,4.59
8549,4.62
8550,4.63
8551,4.62
8552,4.59
8553,4.54
8554,4.48
8555,4.41
8556,4.33
8557,4.25
8558,4.18
8559,4.12
8560,4.07
8561,4.04
8562,4.03
8563,4.04
8564,4.07
8565,4.12
8566,4.18
8567,4.25
8568,4.31
8569,4.39
8570,4.46
8571,4.52
8572,4.57
8573,4.60
8574,4.61
8575,4.60
8576,4.57
8577,4.52
8578,4.46
8579,4.39
8580,4.31
8581,4.23
8582,4.16
8583,4.10
8584,4.05
8585,4.02
8586,4.01
8587,4.02
8588,4.05
8589,4.10
8590,4.16
8591,4.23
8592,4.29
8593,4.37
8594,4.44
8595,4.50
8596,4.55
8597,4.58
8598,4.59
8599,4.58
8600,4.55
8601,4.50
8602,4.44
8603,4.37
8604,4.29
8605,4.21
8606,4.14
8607,4.08
8608,4.03
8609,4.00
8610,3.99
8611,4.00
8612,4.03
8613,4.08
8614,4.14
8615,4.21
8616,4.27
8617,4.35
8618,4.42
8619,4.48
8620,4.53
8621,4.56
8622,4.57
8623,4.56
8624,4.53
8625,4.48
8626,4.42
8627,4.35
8628,4.27
8629,4.19
8630,4.12
8631,4.06
8632,4.01
8633,3.98
8634,3.97
8635,3.98
8636,4.01
8637,4.06
8638,4.12
8639,4.19
8640,4.25
8641,4.33
8642,4.40
8643,4.46
8644,4.51
8645,4.54
8646,4.55
8647,4.54
8648,4.51
8649,4.46
8650,4.40
8651,4.33
8652,4.25
8653,4.17
8654,4.10
8655,4.04
8656,3.99
8657,3.96
8658,3.95
8659,3.96
8660,3.99
8661,4.04
8662,4.10
8663,4.17
8664,4.23
8665,4.31
8666,4.38
8667,4.44
8668,4.49
8669,4.52
8670,4.53
8671,4.52
8672,4.49
8673,4.44
8674,4.38
8675,4.31
8676,4.23
8677,4.15
8678,4.08
8679,4.02
8680,3.97
8681,3.94
8682,3.93
8683,3.94
8684,3.97
8685,4.02
8686,4.08
8687,4.15
8688,4.21
8689,4.29
8690,4.36
8691,4.43
8692,4.47
8693,4.50
8694,4.51
8695,4.50
8696,4.47
8697,4.43
8698,4.36
8699,4.29
8700,4.21
8701,4.14
8702,4.06
8703,4.00
8704,3.95
8705,3.92
8706,3.91
8707,3.92
8708,3.95
8709,4.00
8710,4.06
8711,4.14
8712,4.20
8713,4.28
8714,4.35
8715,4.41
8716,4.46
8717,4.49
8718,4.50
8719,4.49
8720,4.46
8721,4.41
8722,4.35
8723,4.28
8724,4.20
8725,4.12
8726,4.05
8727,3.99
8728,3.94
8729,3.91
8730,3.90
8731,3.91
8732,3.94
8733,3.99
8734,4.05
8735,4.12
8736,4.18
8737,4.26
8738,4.33
8739,4.40
8740,4.44
8741,4.47
8742,4.48
8743,4.47
8744,4.44
8745,4.40
8746,4.33
8747,4.26
8748,4.18
8749,4.11
8750,4.03
8751,3.97
8752,3.92
8753,3.89
8754,3.88
8755,3.89
8756,3.92
8757,3.97
8758,4.03
8759,4.11
