time_index,price
0,40.50
1,40.19
2,40.50
3,41.40
4,42.83
5,44.69
6,46.86
7,49.19
8,51.52
9,53.69
10,55.56
11,57.00
12,57.96
13,58.52
14,59.00
15,60.03
16,62.18
17,65.23
18,67.63
19,67.19
20,62.97
21,56.23
22,49.45
23,44.44
24,40.68
25,40.37
26,40.68
27,41.58
28,43.01
29,44.87
30,47.05
31,49.37
32,51.70
33,53.87
34,55.74
35,57.18
36,58.15
37,58.70
38,59.19
39,60.21
40,62.36
41,65.42
42,67.81
43,67.37
44,63.15
45,56.42
46,49.63
47,44.62
48,40.87
49,40.56
50,40.87
51,41.76
52,43.19
53,45.06
54,47.23
55,49.56
56,51.89
57,54.06
58,55.93
59,57.37
60,58.33
61,58.89
62,59.37
63,60.40
64,62.54
65,65.60
66,68.00
67,67.56
68,63.34
69,56.60
70,49.82
71,44.81
72,41.05
73,40.74
74,41.05
75,41.95
76,43.38
77,45.24
78,47.41
79,49.74
80,52.07
81,54.24
82,56.11
83,57.55
84,58.51
85,59.07
86,59.56
87,60.58
88,62.73
89,65.79
90,68.18
91,67.74
92,63.52
93,56.79
94,50.00
95,44.99
96,41.24
97,40.93
98,41.24
99,42.14
100,43.57
101,45.43
102,47.60
103,49.93
104,52.26
105,54.43
106,56.30
107,57.74
108,58.70
109,59.26
110,59.74
111,60.77
112,62.92
113,65.97
114,68.37
115,67.93
116,63.71
117,56.97
118,50.19
119,45.18
120,37.42
121,37.12
122,37.42
123,38.32
124,39.75
125,41.62
126,43.79
127,46.12
128,48.45
129,50.62
130,52.48
131,53.92
132,54.89
133,55.45
134,55.93
135,56.95
136,59.10
137,62.16
138,64.55
139,64.12
140,59.89
141,53.16
142,46.37
143,41.36
144,37.61
145,37.30
146,37.61
147,38.51
148,39.94
149,41.80
150,43.97
151,46.30
152,48.63
153,50.80
154,52.67
155,54.11
156,55.07
157,55.63
158,56.12
159,57.14
160,59.29
161,62.34
162,64.74
163,64.30
164,60.08
165,53.34
166,46.56
167,41.55
168,41.80
169,41.49
170,41.80
171,42.70
172,44.13
173,45.99
174,48.16
175,50.49
176,52.82
177,54.99
178,56.86
179,58.30
180,59.26
181,59.82
182,60.30
183,61.33
184,63.48
185,66.53
186,68.93
187,68.49
188,64.27
189,57.53
190,50.75
191,45.74
192,41.98
193,41.68
194,41.98
195,42.88
196,44.31
197,46.18
198,48.35
199,50.68
200,53.01
201,55.18
202,57.04
203,58.49
204,59.45
205,60.01
206,60.49
207,61.51
208,63.66
209,66.72
210,69.11
211,68.68
212,64.46
213,57.72
214,50.94
215,45.93
216,42.17
217,41.87
218,42.17
219,43.07
220,44.50
221,46.37
222,48.54
223,50.87
224,53.20
225,55.37
226,57.23
227,58.67
228,59.64
229,60.20
230,60.68
231,61.70
232,63.85
233,66.91
234,69.30
235,68.87
236,64.64
237,57.91
238,51.12
239,46.11
240,42.36
241,42.05
242,42.36
243,43.26
244,44.69
245,46.55
246,48.73
247,51.05
248,53.38
249,55.55
250,57.42
251,58.86
252,59.83
253,60.38
254,60.87
255,61.89
256,64.04
257,67.10
258,69.49
259,69.05
260,64.83
261,58.10
262,51.31
263,46.30
264,42.55
265,42.24
266,42.55
267,43.45
268,44.88
269,46.74
270,48.91
271,51.24
272,53.57
273,55.74
274,57.61
275,59.05
276,60.01
277,60.57
278,61.06
279,62.08
280,64.23
281,67.28
282,69.68
283,69.24
284,65.02
285,58.28
286,51.50
287,46.49
288,38.74
289,38.43
290,38.74
291,39.64
292,41.07
293,42.93
294,45.10
295,47.43
296,49.76
297,51.93
298,53.80
299,55.24
300,56.20
301,56.76
302,57.24
303,58.27
304,60.42
305,63.47
306,65.87
307,65.43
308,61.21
309,54.47
310,47.69
311,42.68
312,38.93
313,38.62
314,38.93
315,39.83
316,41.26
317,43.12
318,45.29
319,47.62
320,49.95
321,52.12
322,53.99
323,55.43
324,56.39
325,56.95
326,57.43
327,58.46
328,60.61
329,63.66
330,66.06
331,65.62
332,61.40
333,54.66
334,47.88
335,42.87
336,43.12
337,42.81
338,43.12
339,44.02
340,45.45
341,47.31
342,49.48
343,51.81
344,54.14
345,56.31
346,58.18
347,59.62
348,60.58
349,61.14
350,61.62
351,62.65
352,64.80
353,67.85
354,70.25
355,69.81
356,65.59
357,58.85
358,52.07
359,47.06
360,43.31
361,43.00
362,43.31
363,44.21
364,45.64
365,47.50
366,49.67
367,52.00
368,54.33
369,56.50
370,58.37
371,59.81
372,60.77
373,61.33
374,61.81
375,62.84
376,64.99
377,68.04
378,70.44
379,70.00
380,65.78
381,59.04
382,52.26
383,47.25
384,43.50
385,43.19
386,43.50
387,44.40
388,45.83
389,47.69
390,49.86
391,52.19
392,54.52
393,56.69
394,58.56
395,60.00
396,60.96
397,61.52
398,62.00
399,63.03
400,65.18
401,68.23
402,70.63
403,70.19
404,65.97
405,59.23
406,52.45
407,47.44
408,43.69
409,43.38
410,43.69
411,44.58
412,46.01
413,47.88
414,50.05
415,52.38
416,54.71
417,56.88
418,58.74
419,60.19
420,61.15
421,61.71
422,62.19
423,63.22
424,65.36
425,68.42
426,70.82
427,70.38
428,66.16
429,59.42
430,52.64
431,47.63
432,43.87
433,43.57
434,43.87
435,44.77
436,46.20
437,48.07
438,50.24
439,52.57
440,54.90
441,57.07
442,58.93
443,60.38
444,61.34
445,61.90
446,62.38
447,63.40
448,65.55
449,68.61
450,71.00
451,70.57
452,66.35
453,59.61
454,52.83
455,47.82
456,40.06
457,39.76
458,40.06
459,40.96
460,42.39
461,44.26
462,46.43
463,48.76
464,51.09
465,53.26
466,55.12
467,56.57
468,57.53
469,58.09
470,58.57
471,59.59
472,61.74
473,64.80
474,67.19
475,66.76
476,62.53
477,55.80
478,49.01
479,44.00
480,40.25
481,39.95
482,40.25
483,41.15
484,42.58
485,44.45
486,46.62
487,48.95
488,51.28
489,53.45
490,55.31
491,56.75
492,57.72
493,58.28
494,58.76
495,59.78
496,61.93
497,64.99
498,67.38
499,66.95
500,62.72
501,55.99
502,49.20
503,44.19
504,44.44
505,44.13
506,44.44
507,45.34
508,46.77
509,48.63
510,50.80
511,53.13
512,55.46
513,57.63
514,59.50
515,60.94
516,61.91
517,62.46
518,62.95
519,63.97
520,66.12
521,69.18
522,71.57
523,71.13
524,66.91
525,60.18
526,53.39
527,48.38
528,44.63
529,44.32
530,44.63
531,45.53
532,46.96
533,48.82
534,50.99
535,53.32
536,55.65
537,57.82
538,59.69
539,61.13
540,62.09
541,62.65
542,63.13
543,64.16
544,66.31
545,69.36
546,71.76
547,71.32
548,67.10
549,60.36
550,53.58
551,48.57
552,44.82
553,44.51
554,44.82
555,45.72
556,47.15
557,49.01
558,51.18
559,53.51
560,55.84
561,58.01
562,59.88
563,61.32
564,62.28
565,62.84
566,63.32
567,64.35
568,66.50
569,69.55
570,71.95
571,71.51
572,67.29
573,60.55
574,53.77
575,48.76
576,45.00
577,44.70
578,45.00
579,45.90
580,47.33
581,49.20
582,51.37
583,53.70
584,56.03
585,58.20
586,60.06
587,61.51
588,62.47
589,63.03
590,63.51
591,64.53
592,66.68
593,69.74
594,72.13
595,71.70
596,67.48
597,60.74
598,53.96
599,48.95
600,45.19
601,44.88
602,45.19
603,46.09
604,47.52
605,49.38
606,51.55
607,53.88
608,56.21
609,58.38
610,60.25
611,61.69
612,62.66
613,63.21
614,63.70
615,64.72
616,66.87
617,69.93
618,72.32
619,71.88
620,67.66
621,60.93
622,54.14
623,49.13
624,41.38
625,41.07
626,41.38
627,42.28
628,43.71
629,45.57
630,47.74
631,50.07
632,52.40
633,54.57
634,56.44
635,57.88
636,58.84
637,59.40
638,59.88
639,60.91
640,63.06
641,66.11
642,68.51
643,68.07
644,63.85
645,57.11
646,50.33
647,45.32
648,41.56
649,41.26
650,41.56
651,42.46
652,43.89
653,45.76
654,47.93
655,50.26
656,52.59
657,54.76
658,56.62
659,58.07
660,59.03
661,59.59
662,60.07
663,61.09
664,63.24
665,66.30
666,68.69
667,68.26
668,64.03
669,57.30
670,50.51
671,45.50
672,45.75
673,45.44
674,45.75
675,46.65
676,48.08
677,49.94
678,52.11
679,54.44
680,56.77
681,58.94
682,60.81
683,62.25
684,63.21
685,63.77
686,64.25
687,65.28
688,67.43
689,70.48
690,72.88
691,72.44
692,68.22
693,61.48
694,54.70
695,49.69
696,45.93
697,45.63
698,45.93
699,46.83
700,48.26
701,50.13
702,52.30
703,54.63
704,56.95
705,59.13
706,60.99
707,62.43
708,63.40
709,63.96
710,64.44
711,65.46
712,67.61
713,70.67
714,73.06
715,72.63
716,68.40
717,61.67
718,54.88
719,49.87
720,46.12
721,45.81
722,46.12
723,47.01
724,48.44
725,50.31
726,52.48
727,54.81
728,57.14
729,59.31
730,61.18
731,62.62
732,63.58
733,64.14
734,64.62
735,65.65
736,67.79
737,70.85
738,73.25
739,72.81
740,68.59
741,61.85
742,55.07
743,50.06
744,46.30
745,45.99
746,46.30
747,47.20
748,48.63
749,50.49
750,52.66
751,54.99
752,57.32
753,59.49
754,61.36
755,62.80
756,63.76
757,64.32
758,64.80
759,65.83
760,67.98
761,71.03
762,73.43
763,72.99
764,68.77
765,62.03
766,55.25
767,50.24
768,46.48
769,46.17
770,46.48
771,47.38
772,48.81
773,50.67
774,52.84
775,55.17
776,57.50
777,59.67
778,61.54
779,62.98
780,63.94
781,64.50
782,64.99
783,66.01
784,68.16
785,71.21
786,73.61
787,73.17
788,68.95
789,62.21
790,55.43
791,50.42
792,42.66
793,42.35
794,42.66
795,43.56
796,44.99
797,46.85
798,49.02
799,51.35
800,53.68
801,55.85
802,57.72
803,59.16
804,60.13
805,60.68
806,61.17
807,62.19
808,64.34
809,67.40
810,69.79
811,69.35
812,65.13
813,58.40
814,51.61
815,46.60
816,42.84
817,42.53
818,42.84
819,43.74
820,45.17
821,47.03
822,49.20
823,51.53
824,53.86
825,56.03
826,57.90
827,59.34
828,60.31
829,60.86
830,61.35
831,62.37
832,64.52
833,67.58
834,69.97
835,69.53
836,65.31
837,58.58
838,51.79
839,46.78
840,47.02
841,46.71
842,47.02
843,47.92
844,49.35
845,51.21
846,53.38
847,55.71
848,58.04
849,60.21
850,62.08
851,63.52
852,64.48
853,65.04
854,65.53
855,66.55
856,68.70
857,71.75
858,74.15
859,73.71
860,69.49
861,62.75
862,55.97
863,50.96
864,47.20
865,46.89
866,47.20
867,48.10
868,49.53
869,51.39
870,53.56
871,55.89
872,58.22
873,60.39
874,62.26
875,63.70
876,64.66
877,65.22
878,65.70
879,66.73
880,68.88
881,71.93
882,74.33
883,73.89
884,69.67
885,62.93
886,56.15
887,51.14
888,47.37
889,47.07
890,47.37
891,48.27
892,49.70
893,51.57
894,53.74
895,56.07
896,58.40
897,60.57
898,62.43
899,63.88
900,64.84
901,65.40
902,65.88
903,66.90
904,69.05
905,72.11
906,74.50
907,74.07
908,69.84
909,63.11
910,56.32
911,51.31
912,47.55
913,47.24
914,47.55
915,48.45
916,49.88
917,51.74
918,53.91
919,56.24
920,58.57
921,60.74
922,62.61
923,64.05
924,65.01
925,65.57
926,66.05
927,67.08
928,69.23
929,72.28
930,74.68
931,74.24
932,70.02
933,63.28
934,56.50
935,51.49
936,47.72
937,47.42
938,47.72
939,48.62
940,50.05
941,51.92
942,54.09
943,56.42
944,58.75
945,60.92
946,62.78
947,64.23
948,65.19
949,65.75
950,66.23
951,67.25
952,69.40
953,72.46
954,74.85
955,74.42
956,70.19
957,63.46
958,56.67
959,51.66
960,43.90
961,43.59
962,43.90
963,44.79
964,46.23
965,48.09
966,50.26
967,52.59
968,54.92
969,57.09
970,58.96
971,60.40
972,61.36
973,61.92
974,62.40
975,63.43
976,65.57
977,68.63
978,71.03
979,70.59
980,66.37
981,59.63
982,52.85
983,47.84
984,44.07
985,43.76
986,44.07
987,44.97
988,46.40
989,48.26
990,50.43
991,52.76
992,55.09
993,57.26
994,59.13
995,60.57
996,61.53
997,62.09
998,62.57
999,63.60
1000,65.75
1001,68.80
1002,71.20
1003,70.76
1004,66.54
1005,59.80
1006,53.02
1007,48.01
1008,48.24
1009,47.93
1010,48.24
1011,49.14
1012,50.57
1013,52.43
1014,54.60
1015,56.93
1016,59.26
1017,61.43
1018,63.30
1019,64.74
1020,65.70
1021,66.26
1022,66.74
1023,67.77
1024,69.92
1025,72.97
1026,75.37
1027,74.93
1028,70.71
1029,63.97
1030,57.19
1031,52.18
1032,48.41
1033,48.10
1034,48.41
1035,49.30
1036,50.74
1037,52.60
1038,54.77
1039,57.10
1040,59.43
1041,61.60
1042,63.47
1043,64.91
1044,65.87
1045,66.43
1046,66.91
1047,67.94
1048,70.08
1049,73.14
1050,75.54
1051,75.10
1052,70.88
1053,64.14
1054,57.36
1055,52.35
1056,48.57
1057,48.27
1058,48.57
1059,49.47
1060,50.90
1061,52.77
1062,54.94
1063,57.27
1064,59.60
1065,61.77
1066,63.63
1067,65.07
1068,66.04
1069,66.60
1070,67.08
1071,68.10
1072,70.25
1073,73.31
1074,75.70
1075,75.27
1076,71.04
1077,64.31
1078,57.52
1079,52.51
1080,48.74
1081,48.43
1082,48.74
1083,49.64
1084,51.07
1085,52.93
1086,55.10
1087,57.43
1088,59.76
1089,61.93
1090,63.80
1091,65.24
1092,66.20
1093,66.76
1094,67.24
1095,68.27
1096,70.42
1097,73.47
1098,75.87
1099,75.43
1100,71.21
1101,64.47
1102,57.69
1103,52.68
1104,48.90
1105,48.60
1106,48.90
1107,49.80
1108,51.23
1109,53.10
1110,55.27
1111,57.60
1112,59.92
1113,62.10
1114,63.96
1115,65.40
1116,66.37
1117,66.93
1118,67.41
1119,68.43
1120,70.58
1121,73.64
1122,76.03
1123,75.60
1124,71.37
1125,64.64
1126,57.85
1127,52.84
1128,45.06
1129,44.76
1130,45.06
1131,45.96
1132,47.39
1133,49.26
1134,51.43
1135,53.76
1136,56.09
1137,58.26
1138,60.12
1139,61.57
1140,62.53
1141,63.09
1142,63.57
1143,64.59
1144,66.74
1145,69.80
1146,72.19
1147,71.76
1148,67.54
1149,60.80
1150,54.02
1151,49.01
1152,45.22
1153,44.92
1154,45.22
1155,46.12
1156,47.55
1157,49.42
1158,51.59
1159,53.92
1160,56.25
1161,58.42
1162,60.28
1163,61.73
1164,62.69
1165,63.25
1166,63.73
1167,64.75
1168,66.90
1169,69.96
1170,72.35
1171,71.92
1172,67.70
1173,60.96
1174,54.18
1175,49.17
1176,49.38
1177,49.08
1178,49.38
1179,50.28
1180,51.71
1181,53.58
1182,55.75
1183,58.08
1184,60.41
1185,62.58
1186,64.44
1187,65.89
1188,66.85
1189,67.41
1190,67.89
1191,68.91
1192,71.06
1193,74.12
1194,76.51
1195,76.08
1196,71.85
1197,65.12
1198,58.33
1199,53.32
1200,49.54
1201,49.23
1202,49.54
1203,50.44
1204,51.87
1205,53.73
1206,55.90
1207,58.23
1208,60.56
1209,62.73
1210,64.60
1211,66.04
1212,67.00
1213,67.56
1214,68.05
1215,69.07
1216,71.22
1217,74.27
1218,76.67
1219,76.23
1220,72.01
1221,65.27
1222,58.49
1223,53.48
1224,49.70
1225,49.39
1226,49.70
1227,50.59
1228,52.02
1229,53.89
1230,56.06
1231,58.39
1232,60.72
1233,62.89
1234,64.75
1235,66.20
1236,67.16
1237,67.72
1238,68.20
1239,69.23
1240,71.37
1241,74.43
1242,76.83
1243,76.39
1244,72.17
1245,65.43
1246,58.65
1247,53.64
1248,49.85
1249,49.54
1250,49.85
1251,50.75
1252,52.18
1253,54.04
1254,56.21
1255,58.54
1256,60.87
1257,63.04
1258,64.91
1259,66.35
1260,67.31
1261,67.87
1262,68.35
1263,69.38
1264,71.53
1265,74.58
1266,76.98
1267,76.54
1268,72.32
1269,65.58
1270,58.80
1271,53.79
1272,50.00
1273,49.69
1274,50.00
1275,50.90
1276,52.33
1277,54.19
1278,56.36
1279,58.69
1280,61.02
1281,63.19
1282,65.06
1283,66.50
1284,67.46
1285,68.02
1286,68.51
1287,69.53
1288,71.68
1289,74.73
1290,77.13
1291,76.69
1292,72.47
1293,65.73
1294,58.95
1295,53.94
1296,46.15
1297,45.84
1298,46.15
1299,47.05
1300,48.48
1301,50.34
1302,52.51
1303,54.84
1304,57.17
1305,59.34
1306,61.21
1307,62.65
1308,63.61
1309,64.17
1310,64.66
1311,65.68
1312,67.83
1313,70.88
1314,73.28
1315,72.84
1316,68.62
1317,61.88
1318,55.10
1319,50.09
1320,46.30
1321,45.99
1322,46.30
1323,47.20
1324,48.63
1325,50.49
1326,52.66
1327,54.99
1328,57.32
1329,59.49
1330,61.36
1331,62.80
1332,63.76
1333,64.32
1334,64.80
1335,65.83
1336,67.98
1337,71.03
1338,73.43
1339,72.99
1340,68.77
1341,62.03
1342,55.25
1343,50.24
1344,50.44
1345,50.13
1346,50.44
1347,51.34
1348,52.77
1349,54.63
1350,56.81
1351,59.13
1352,61.46
1353,63.64
1354,65.50
1355,66.94
1356,67.91
1357,68.46
1358,68.95
1359,69.97
1360,72.12
1361,75.18
1362,77.57
1363,77.13
1364,72.91
1365,66.18
1366,59.39
1367,54.38
1368,50.58
1369,50.28
1370,50.58
1371,51.48
1372,52.91
1373,54.78
1374,56.95
1375,59.28
1376,61.61
1377,63.78
1378,65.64
1379,67.09
1380,68.05
1381,68.61
1382,69.09
1383,70.11
1384,72.26
1385,75.32
1386,77.71
1387,77.28
1388,73.06
1389,66.32
1390,59.54
1391,54.53
1392,50.73
1393,50.42
1394,50.73
1395,51.62
1396,53.05
1397,54.92
1398,57.09
1399,59.42
1400,61.75
1401,63.92
1402,65.79
1403,67.23
1404,68.19
1405,68.75
1406,69.23
1407,70.26
1408,72.40
1409,75.46
1410,77.86
1411,77.42
1412,73.20
1413,66.46
1414,59.68
1415,54.67
1416,50.86
1417,50.56
1418,50.86
1419,51.76
1420,53.19
1421,55.06
1422,57.23
1423,59.56
1424,61.89
1425,64.06
1426,65.92
1427,67.37
1428,68.33
1429,68.89
1430,69.37
1431,70.39
1432,72.54
1433,75.60
1434,77.99
1435,77.56
1436,73.34
1437,66.60
1438,59.82
1439,54.81
1440,51.00
1441,50.69
1442,51.00
1443,51.90
1444,53.33
1445,55.19
1446,57.36
1447,59.69
1448,62.02
1449,64.19
1450,66.06
1451,67.50
1452,68.47
1453,69.02
1454,69.51
1455,70.53
1456,72.68
1457,75.74
1458,78.13
1459,77.69
1460,73.47
1461,66.74
1462,59.95
1463,54.94
1464,47.13
1465,46.83
1466,47.13
1467,48.03
1468,49.46
1469,51.33
1470,53.50
1471,55.83
1472,58.16
1473,60.33
1474,62.19
1475,63.64
1476,64.60
1477,65.16
1478,65.64
1479,66.66
1480,68.81
1481,71.87
1482,74.26
1483,73.83
1484,69.61
1485,62.87
1486,56.09
1487,51.08
1488,47.27
1489,46.96
1490,47.27
1491,48.17
1492,49.60
1493,51.46
1494,53.63
1495,55.96
1496,58.29
1497,60.46
1498,62.33
1499,63.77
1500,64.73
1501,65.29
1502,65.77
1503,66.80
1504,68.95
1505,72.00
1506,74.40
1507,73.96
1508,69.74
1509,63.00
1510,56.22
1511,51.21
1512,51.40
1513,51.09
1514,51.40
1515,52.30
1516,53.73
1517,55.59
1518,57.76
1519,60.09
1520,62.42
1521,64.59
1522,66.46
1523,67.90
1524,68.86
1525,69.42
1526,69.90
1527,70.93
1528,73.08
1529,76.13
1530,78.53
1531,78.09
1532,73.87
1533,67.13
1534,60.35
1535,55.34
1536,51.52
1537,51.22
1538,51.52
1539,52.42
1540,53.85
1541,55.72
1542,57.89
1543,60.22
1544,62.55
1545,64.72
1546,66.58
1547,68.03
1548,68.99
1549,69.55
1550,70.03
1551,71.05
1552,73.20
1553,76.26
1554,78.65
1555,78.22
1556,73.99
1557,67.26
1558,60.47
1559,55.46
1560,51.65
1561,51.34
1562,51.65
1563,52.55
1564,53.98
1565,55.84
1566,58.01
1567,60.34
1568,62.67
1569,64.84
1570,66.71
1571,68.15
1572,69.11
1573,69.67
1574,70.15
1575,71.18
1576,73.33
1577,76.38
1578,78.78
1579,78.34
1580,74.12
1581,67.38
1582,60.60
1583,55.59
1584,51.77
1585,51.46
1586,51.77
1587,52.67
1588,54.10
1589,55.96
1590,58.13
1591,60.46
1592,62.79
1593,64.96
1594,66.83
1595,68.27
1596,69.23
1597,69.79
1598,70.28
1599,71.30
1600,73.45
1601,76.50
1602,78.90
1603,78.46
1604,74.24
1605,67.50
1606,60.72
1607,55.71
1608,51.89
1609,51.58
1610,51.89
1611,52.79
1612,54.22
1613,56.08
1614,58.25
1615,60.58
1616,62.91
1617,65.08
1618,66.95
1619,68.39
1620,69.35
1621,69.91
1622,70.40
1623,71.42
1624,73.57
1625,76.62
1626,79.02
1627,78.58
1628,74.36
1629,67.62
1630,60.84
1631,55.83
1632,48.01
1633,47.70
1634,48.01
1635,48.91
1636,50.34
1637,52.20
1638,54.37
1639,56.70
1640,59.03
1641,61.20
1642,63.07
1643,64.51
1644,65.47
1645,66.03
1646,66.51
1647,67.54
1648,69.69
1649,72.74
1650,75.14
1651,74.70
1652,70.48
1653,63.74
1654,56.96
1655,51.95
1656,48.12
1657,47.81
1658,48.12
1659,49.02
1660,50.45
1661,52.31
1662,54.49
1663,56.81
1664,59.14
1665,61.32
1666,63.18
1667,64.62
1668,65.59
1669,66.14
1670,66.63
1671,67.65
1672,69.80
1673,72.86
1674,75.25
1675,74.81
1676,70.59
1677,63.86
1678,57.07
1679,52.06
1680,52.23
1681,51.93
1682,52.23
1683,53.13
1684,54.56
1685,56.43
1686,58.60
1687,60.93
1688,63.26
1689,65.43
1690,67.29
1691,68.74
1692,69.70
1693,70.26
1694,70.74
1695,71.76
1696,73.91
1697,76.97
1698,79.36
1699,78.93
1700,74.70
1701,67.97
1702,61.18
1703,56.17
1704,52.34
1705,52.04
1706,52.34
1707,53.24
1708,54.67
1709,56.54
1710,58.71
1711,61.04
1712,63.37
1713,65.54
1714,67.40
1715,68.85
1716,69.81
1717,70.37
1718,70.85
1719,71.87
1720,74.02
1721,77.08
1722,79.47
1723,79.04
1724,74.81
1725,68.08
1726,61.29
1727,56.28
1728,52.45
1729,52.14
1730,52.45
1731,53.35
1732,54.78
1733,56.64
1734,58.81
1735,61.14
1736,63.47
1737,65.64
1738,67.51
1739,68.95
1740,69.91
1741,70.47
1742,70.96
1743,71.98
1744,74.13
1745,77.18
1746,79.58
1747,79.14
1748,74.92
1749,68.18
1750,61.40
1751,56.39
1752,52.55
1753,52.25
1754,52.55
1755,53.45
1756,54.88
1757,56.75
1758,58.92
1759,61.25
1760,63.58
1761,65.75
1762,67.61
1763,69.06
1764,70.02
1765,70.58
1766,71.06
1767,72.08
1768,74.23
1769,77.29
1770,79.68
1771,79.25
1772,75.02
1773,68.29
1774,61.50
1775,56.49
1776,52.65
1777,52.35
1778,52.65
1779,53.55
1780,54.98
1781,56.85
1782,59.02
1783,61.35
1784,63.68
1785,65.85
1786,67.71
1787,69.16
1788,70.12
1789,70.68
1790,71.16
1791,72.18
1792,74.33
1793,77.39
1794,79.78
1795,79.35
1796,75.13
1797,68.39
1798,61.61
1799,56.60
1800,48.75
1801,48.45
1802,48.75
1803,49.65
1804,51.08
1805,52.95
1806,55.12
1807,57.45
1808,59.78
1809,61.95
1810,63.81
1811,65.26
1812,66.22
1813,66.78
1814,67.26
1815,68.28
1816,70.43
1817,73.49
1818,75.88
1819,75.45
1820,71.22
1821,64.49
1822,57.70
1823,52.69
1824,48.85
1825,48.54
1826,48.85
1827,49.75
1828,51.18
1829,53.04
1830,55.21
1831,57.54
1832,59.87
1833,62.04
1834,63.91
1835,65.35
1836,66.31
1837,66.87
1838,67.35
1839,68.38
1840,70.53
1841,73.58
1842,75.98
1843,75.54
1844,71.32
1845,64.58
1846,57.80
1847,52.79
1848,52.94
1849,52.63
1850,52.94
1851,53.84
1852,55.27
1853,57.13
1854,59.31
1855,61.63
1856,63.96
1857,66.14
1858,68.00
1859,69.44
1860,70.41
1861,70.96
1862,71.45
1863,72.47
1864,74.62
1865,77.68
1866,80.07
1867,79.63
1868,75.41
1869,68.68
1870,61.89
1871,56.88
1872,53.03
1873,52.72
1874,53.03
1875,53.93
1876,55.36
1877,57.22
1878,59.40
1879,61.72
1880,64.05
1881,66.23
1882,68.09
1883,69.53
1884,70.50
1885,71.05
1886,71.54
1887,72.56
1888,74.71
1889,77.77
1890,80.16
1891,79.72
1892,75.50
1893,68.77
1894,61.98
1895,56.97
1896,53.12
1897,52.81
1898,53.12
1899,54.02
1900,55.45
1901,57.31
1902,59.48
1903,61.81
1904,64.14
1905,66.31
1906,68.18
1907,69.62
1908,70.58
1909,71.14
1910,71.62
1911,72.65
1912,74.80
1913,77.85
1914,80.25
1915,79.81
1916,75.59
1917,68.85
1918,62.07
1919,57.06
1920,53.20
1921,52.90
1922,53.20
1923,54.10
1924,55.53
1925,57.40
1926,59.57
1927,61.90
1928,64.23
1929,66.40
1930,68.26
1931,69.70
1932,70.67
1933,71.23
1934,71.71
1935,72.73
1936,74.88
1937,77.94
1938,80.33
1939,79.90
1940,75.67
1941,68.94
1942,62.15
1943,57.14
1944,53.28
1945,52.98
1946,53.28
1947,54.18
1948,55.61
1949,57.48
1950,59.65
1951,61.98
1952,64.31
1953,66.48
1954,68.34
1955,69.79
1956,70.75
1957,71.31
1958,71.79
1959,72.81
1960,74.96
1961,78.02
1962,80.41
1963,79.98
1964,75.75
1965,69.02
1966,62.24
1967,57.23
1968,49.36
1969,49.06
1970,49.36
1971,50.26
1972,51.69
1973,53.56
1974,55.73
1975,58.06
1976,60.38
1977,62.56
1978,64.42
1979,65.86
1980,66.83
1981,67.39
1982,67.87
1983,68.89
1984,71.04
1985,74.10
1986,76.49
1987,76.06
1988,71.83
1989,65.10
1990,58.31
1991,53.30
1992,49.44
1993,49.13
1994,49.44
1995,50.34
1996,51.77
1997,53.63
1998,55.80
1999,58.13
2000,60.46
2001,62.63
2002,64.50
2003,65.94
2004,66.90
2005,67.46
2006,67.94
2007,68.97
2008,71.12
2009,74.17
2010,76.57
2011,76.13
2012,71.91
2013,65.17
2014,58.39
2015,53.38
2016,53.51
2017,53.20
2018,53.51
2019,54.41
2020,55.84
2021,57.70
2022,59.87
2023,62.20
2024,64.53
2025,66.70
2026,68.57
2027,70.01
2028,70.97
2029,71.53
2030,72.02
2031,73.04
2032,75.19
2033,78.24
2034,80.64
2035,80.20
2036,75.98
2037,69.24
2038,62.46
2039,57.45
2040,53.58
2041,53.27
2042,53.58
2043,54.48
2044,55.91
2045,57.77
2046,59.94
2047,62.27
2048,64.60
2049,66.77
2050,68.64
2051,70.08
2052,71.04
2053,71.60
2054,72.08
2055,73.11
2056,75.26
2057,78.31
2058,80.71
2059,80.27
2060,76.05
2061,69.31
2062,62.53
2063,57.52
2064,53.65
2065,53.34
2066,53.65
2067,54.54
2068,55.97
2069,57.84
2070,60.01
2071,62.34
2072,64.67
2073,66.84
2074,68.70
2075,70.15
2076,71.11
2077,71.67
2078,72.15
2079,73.17
2080,75.32
2081,78.38
2082,80.77
2083,80.34
2084,76.12
2085,69.38
2086,62.60
2087,57.59
2088,53.71
2089,53.40
2090,53.71
2091,54.61
2092,56.04
2093,57.90
2094,60.07
2095,62.40
2096,64.73
2097,66.90
2098,68.77
2099,70.21
2100,71.17
2101,71.73
2102,72.21
2103,73.24
2104,75.39
2105,78.44
2106,80.84
2107,80.40
2108,76.18
2109,69.44
2110,62.66
2111,57.65
2112,53.77
2113,53.46
2114,53.77
2115,54.67
2116,56.10
2117,57.96
2118,60.13
2119,62.46
2120,64.79
2121,66.96
2122,68.83
2123,70.27
2124,71.23
2125,71.79
2126,72.27
2127,73.30
2128,75.45
2129,78.50
2130,80.90
2131,80.46
2132,76.24
2133,69.50
2134,62.72
2135,57.71
2136,49.83
2137,49.52
2138,49.83
2139,50.72
2140,52.15
2141,54.02
2142,56.19
2143,58.52
2144,60.85
2145,63.02
2146,64.88
2147,66.33
2148,67.29
2149,67.85
2150,68.33
2151,69.36
2152,71.50
2153,74.56
2154,76.96
2155,76.52
2156,72.30
2157,65.56
2158,58.78
2159,53.77
2160,49.88
2161,49.57
2162,49.88
2163,50.78
2164,52.21
2165,54.07
2166,56.24
2167,58.57
2168,60.90
2169,63.07
2170,64.94
2171,66.38
2172,67.34
2173,67.90
2174,68.38
2175,69.41
2176,71.56
2177,74.61
2178,77.01
2179,76.57
2180,72.35
2181,65.61
2182,58.83
2183,53.82
2184,53.93
2185,53.62
2186,53.93
2187,54.83
2188,56.26
2189,58.12
2190,60.29
2191,62.62
2192,64.95
2193,67.12
2194,68.99
2195,70.43
2196,71.39
2197,71.95
2198,72.44
2199,73.46
2200,75.61
2201,78.66
2202,81.06
2203,80.62
2204,76.40
2205,69.66
2206,62.88
2207,57.87
2208,53.98
2209,53.67
2210,53.98
2211,54.88
2212,56.31
2213,58.17
2214,60.34
2215,62.67
2216,65.00
2217,67.17
2218,69.04
2219,70.48
2220,71.44
2221,72.00
2222,72.48
2223,73.51
2224,75.66
2225,78.71
2226,81.11
2227,80.67
2228,76.45
2229,69.71
2230,62.93
2231,57.92
2232,54.02
2233,53.72
2234,54.02
2235,54.92
2236,56.35
2237,58.22
2238,60.39
2239,62.72
2240,65.04
2241,67.22
2242,69.08
2243,70.52
2244,71.49
2245,72.04
2246,72.53
2247,73.55
2248,75.70
2249,78.76
2250,81.15
2251,80.72
2252,76.49
2253,69.76
2254,62.97
2255,57.96
2256,54.06
2257,53.76
2258,54.06
2259,54.96
2260,56.39
2261,58.26
2262,60.43
2263,62.76
2264,65.09
2265,67.26
2266,69.12
2267,70.57
2268,71.53
2269,72.09
2270,72.57
2271,73.59
2272,75.74
2273,78.80
2274,81.19
2275,80.76
2276,76.53
2277,69.80
2278,63.01
2279,58.00
2280,54.10
2281,53.79
2282,54.10
2283,55.00
2284,56.43
2285,58.29
2286,60.46
2287,62.79
2288,65.12
2289,67.29
2290,69.16
2291,70.60
2292,71.57
2293,72.12
2294,72.61
2295,73.63
2296,75.78
2297,78.84
2298,81.23
2299,80.79
2300,76.57
2301,69.84
2302,63.05
2303,58.04
2304,50.14
2305,49.83
2306,50.14
2307,51.03
2308,52.47
2309,54.33
2310,56.50
2311,58.83
2312,61.16
2313,63.33
2314,65.20
2315,66.64
2316,67.60
2317,68.16
2318,68.64
2319,69.67
2320,71.82
2321,74.87
2322,77.27
2323,76.83
2324,72.61
2325,65.87
2326,59.09
2327,54.08
2328,50.17
2329,49.86
2330,50.17
2331,51.07
2332,52.50
2333,54.36
2334,56.53
2335,58.86
2336,61.19
2337,63.36
2338,65.23
2339,66.67
2340,67.63
2341,68.19
2342,68.67
2343,69.70
2344,71.85
2345,74.90
2346,77.30
2347,76.86
2348,72.64
2349,65.90
2350,59.12
2351,54.11
2352,54.20
2353,53.89
2354,54.20
2355,55.10
2356,56.53
2357,58.39
2358,60.56
2359,62.89
2360,65.22
2361,67.39
2362,69.26
2363,70.70
2364,71.66
2365,72.22
2366,72.70
2367,73.73
2368,75.88
2369,78.93
2370,81.33
2371,80.89
2372,76.67
2373,69.93
2374,63.15
2375,58.14
2376,54.22
2377,53.91
2378,54.22
2379,55.12
2380,56.55
2381,58.41
2382,60.59
2383,62.91
2384,65.24
2385,67.41
2386,69.28
2387,70.72
2388,71.69
2389,72.24
2390,72.73
2391,73.75
2392,75.90
2393,78.96
2394,81.35
2395,80.91
2396,76.69
2397,69.96
2398,63.17
2399,58.16
2400,54.24
2401,53.94
2402,54.24
2403,55.14
2404,56.57
2405,58.44
2406,60.61
2407,62.94
2408,65.27
2409,67.44
2410,69.30
2411,70.75
2412,71.71
2413,72.27
2414,72.75
2415,73.77
2416,75.92
2417,78.98
2418,81.37
2419,80.94
2420,76.71
2421,69.98
2422,63.19
2423,58.18
2424,54.26
2425,53.96
2426,54.26
2427,55.16
2428,56.59
2429,58.46
2430,60.63
2431,62.96
2432,65.28
2433,67.46
2434,69.32
2435,70.76
2436,71.73
2437,72.28
2438,72.77
2439,73.79
2440,75.94
2441,79.00
2442,81.39
2443,80.96
2444,76.73
2445,70.00
2446,63.21
2447,58.20
2448,54.28
2449,53.97
2450,54.28
2451,55.18
2452,56.61
2453,58.47
2454,60.64
2455,62.97
2456,65.30
2457,67.47
2458,69.34
2459,70.78
2460,71.74
2461,72.30
2462,72.78
2463,73.81
2464,75.96
2465,79.01
2466,81.41
2467,80.97
2468,76.75
2469,70.01
2470,63.23
2471,58.22
2472,50.29
2473,49.98
2474,50.29
2475,51.19
2476,52.62
2477,54.48
2478,56.65
2479,58.98
2480,61.31
2481,63.48
2482,65.35
2483,66.79
2484,67.75
2485,68.31
2486,68.80
2487,69.82
2488,71.97
2489,75.02
2490,77.42
2491,76.98
2492,72.76
2493,66.02
2494,59.24
2495,54.23
2496,50.30
2497,49.99
2498,50.30
2499,51.20
2500,52.63
2501,54.49
2502,56.66
2503,58.99
2504,61.32
2505,63.49
2506,65.36
2507,66.80
2508,67.76
2509,68.32
2510,68.80
2511,69.83
2512,71.98
2513,75.03
2514,77.43
2515,76.99
2516,72.77
2517,66.03
2518,59.25
2519,54.24
2520,54.30
2521,54.00
2522,54.30
2523,55.20
2524,56.63
2525,58.50
2526,60.67
2527,63.00
2528,65.33
2529,67.50
2530,69.36
2531,70.81
2532,71.77
2533,72.33
2534,72.81
2535,73.83
2536,75.98
2537,79.04
2538,81.43
2539,81.00
2540,76.78
2541,70.04
2542,63.26
2543,58.25
2544,54.31
2545,54.00
2546,54.31
2547,55.21
2548,56.64
2549,58.50
2550,60.67
2551,63.00
2552,65.33
2553,67.50
2554,69.37
2555,70.81
2556,71.77
2557,72.33
2558,72.81
2559,73.84
2560,75.99
2561,79.04
2562,81.44
2563,81.00
2564,76.78
2565,70.04
2566,63.26
2567,58.25
2568,54.31
2569,54.00
2570,54.31
2571,55.20
2572,56.64
2573,58.50
2574,60.67
2575,63.00
2576,65.33
2577,67.50
2578,69.37
2579,70.81
2580,71.77
2581,72.33
2582,72.81
2583,73.84
2584,75.98
2585,79.04
2586,81.44
2587,81.00
2588,76.78
2589,70.04
2590,63.26
2591,58.25
2592,54.30
2593,54.00
2594,54.30
2595,55.20
2596,56.63
2597,58.50
2598,60.67
2599,63.00
2600,65.32
2601,67.50
2602,69.36
2603,70.80
2604,71.77
2605,72.32
2606,72.81
2607,73.83
2608,75.98
2609,79.04
2610,81.43
2611,81.00
2612,76.77
2613,70.04
2614,63.25
2615,58.24
2616,54.29
2617,53.99
2618,54.29
2619,55.19
2620,56.62
2621,58.49
2622,60.66
2623,62.99
2624,65.32
2625,67.49
2626,69.35
2627,70.80
2628,71.76
2629,72.32
2630,72.80
2631,73.82
2632,75.97
2633,79.03
2634,81.42
2635,80.99
2636,76.77
2637,70.03
2638,63.25
2639,58.24
2640,50.28
2641,49.98
2642,50.28
2643,51.18
2644,52.61
2645,54.48
2646,56.65
2647,58.98
2648,61.31
2649,63.48
2650,65.34
2651,66.79
2652,67.75
2653,68.31
2654,68.79
2655,69.81
2656,71.96
2657,75.02
2658,77.41
2659,76.98
2660,72.75
2661,66.02
2662,59.23
2663,54.23
2664,50.27
2665,49.96
2666,50.27
2667,51.17
2668,52.60
2669,54.46
2670,56.63
2671,58.96
2672,61.29
2673,63.46
2674,65.33
2675,66.77
2676,67.73
2677,68.29
2678,68.78
2679,69.80
2680,71.95
2681,75.00
2682,77.40
2683,76.96
2684,72.74
2685,66.00
2686,59.22
2687,54.21
2688,54.25
2689,53.95
2690,54.25
2691,55.15
2692,56.58
2693,58.45
2694,60.62
2695,62.95
2696,65.28
2697,67.45
2698,69.31
2699,70.76
2700,71.72
2701,72.28
2702,72.76
2703,73.78
2704,75.93
2705,78.99
2706,81.38
2707,80.95
2708,76.72
2709,69.99
2710,63.20
2711,58.19
2712,54.23
2713,53.93
2714,54.23
2715,55.13
2716,56.56
2717,58.43
2718,60.60
2719,62.93
2720,65.26
2721,67.43
2722,69.29
2723,70.73
2724,71.70
2725,72.26
2726,72.74
2727,73.76
2728,75.91
2729,78.97
2730,81.36
2731,80.93
2732,76.70
2733,69.97
2734,63.18
2735,58.17
2736,54.21
2737,53.90
2738,54.21
2739,55.11
2740,56.54
2741,58.40
2742,60.57
2743,62.90
2744,65.23
2745,67.40
2746,69.27
2747,70.71
2748,71.67
2749,72.23
2750,72.71
2751,73.74
2752,75.89
2753,78.94
2754,81.34
2755,80.90
2756,76.68
2757,69.94
2758,63.16
2759,58.15
2760,54.18
2761,53.88
2762,54.18
2763,55.08
2764,56.51
2765,58.38
2766,60.55
2767,62.88
2768,65.20
2769,67.38
2770,69.24
2771,70.68
2772,71.65
2773,72.21
2774,72.69
2775,73.71
2776,75.86
2777,78.92
2778,81.31
2779,80.88
2780,76.65
2781,69.92
2782,63.13
2783,58.12
2784,54.15
2785,53.85
2786,54.15
2787,55.05
2788,56.48
2789,58.35
2790,60.52
2791,62.85
2792,65.17
2793,67.35
2794,69.21
2795,70.65
2796,71.62
2797,72.18
2798,72.66
2799,73.68
2800,75.83
2801,78.89
2802,81.28
2803,80.85
2804,76.62
2805,69.89
2806,63.10
2807,58.09
2808,50.12
2809,49.81
2810,50.12
2811,51.02
2812,52.45
2813,54.31
2814,56.48
2815,58.81
2816,61.14
2817,63.31
2818,65.18
2819,66.62
2820,67.58
2821,68.14
2822,68.62
2823,69.65
2824,71.80
2825,74.85
2826,77.25
2827,76.81
2828,72.59
2829,65.85
2830,59.07
2831,54.06
2832,50.08
2833,49.78
2834,50.08
2835,50.98
2836,52.41
2837,54.28
2838,56.45
2839,58.78
2840,61.11
2841,63.28
2842,65.14
2843,66.58
2844,67.55
2845,68.11
2846,68.59
2847,69.61
2848,71.76
2849,74.82
2850,77.21
2851,76.78
2852,72.55
2853,65.82
2854,59.03
2855,54.02
2856,54.04
2857,53.74
2858,54.04
2859,54.94
2860,56.37
2861,58.24
2862,60.41
2863,62.74
2864,65.07
2865,67.24
2866,69.10
2867,70.55
2868,71.51
2869,72.07
2870,72.55
2871,73.57
2872,75.72
2873,78.78
2874,81.17
2875,80.74
2876,76.51
2877,69.78
2878,62.99
2879,57.98
2880,54.00
2881,53.69
2882,54.00
2883,54.90
2884,56.33
2885,58.19
2886,60.36
2887,62.69
2888,65.02
2889,67.19
2890,69.06
2891,70.50
2892,71.46
2893,72.02
2894,72.51
2895,73.53
2896,75.68
2897,78.73
2898,81.13
2899,80.69
2900,76.47
2901,69.73
2902,62.95
2903,57.94
2904,53.95
2905,53.65
2906,53.95
2907,54.85
2908,56.28
2909,58.15
2910,60.32
2911,62.65
2912,64.98
2913,67.15
2914,69.01
2915,70.46
2916,71.42
2917,71.98
2918,72.46
2919,73.48
2920,75.63
2921,78.69
2922,81.08
2923,80.65
2924,76.43
2925,69.69
2926,62.91
2927,57.90
2928,53.90
2929,53.60
2930,53.90
2931,54.80
2932,56.23
2933,58.10
2934,60.27
2935,62.60
2936,64.93
2937,67.10
2938,68.96
2939,70.41
2940,71.37
2941,71.93
2942,72.41
2943,73.43
2944,75.58
2945,78.64
2946,81.03
2947,80.60
2948,76.38
2949,69.64
2950,62.86
2951,57.85
2952,53.85
2953,53.55
2954,53.85
2955,54.75
2956,56.18
2957,58.05
2958,60.22
2959,62.55
2960,64.88
2961,67.05
2962,68.91
2963,70.35
2964,71.32
2965,71.88
2966,72.36
2967,73.38
2968,75.53
2969,78.59
2970,80.98
2971,80.55
2972,76.32
2973,69.59
2974,62.80
2975,57.79
2976,49.80
2977,49.49
2978,49.80
2979,50.70
2980,52.13
2981,53.99
2982,56.16
2983,58.49
2984,60.82
2985,62.99
2986,64.86
2987,66.30
2988,67.26
2989,67.82
2990,68.30
2991,69.33
2992,71.48
2993,74.53
2994,76.93
2995,76.49
2996,72.27
2997,65.53
2998,58.75
2999,53.74
3000,49.74
3001,49.43
3002,49.74
3003,50.64
3004,52.07
3005,53.93
3006,56.10
3007,58.43
3008,60.76
3009,62.93
3010,64.80
3011,66.24
3012,67.20
3013,67.76
3014,68.24
3015,69.27
3016,71.42
3017,74.47
3018,76.87
3019,76.43
3020,72.21
3021,65.47
3022,58.69
3023,53.68
3024,53.68
3025,53.37
3026,53.68
3027,54.58
3028,56.01
3029,57.87
3030,60.04
3031,62.37
3032,64.70
3033,66.87
3034,68.74
3035,70.18
3036,71.14
3037,71.70
3038,72.18
3039,73.21
3040,75.36
3041,78.41
3042,80.81
3043,80.37
3044,76.15
3045,69.41
3046,62.63
3047,57.62
3048,53.61
3049,53.31
3050,53.61
3051,54.51
3052,55.94
3053,57.81
3054,59.98
3055,62.31
3056,64.64
3057,66.81
3058,68.67
3059,70.11
3060,71.08
3061,71.64
3062,72.12
3063,73.14
3064,75.29
3065,78.35
3066,80.74
3067,80.31
3068,76.08
3069,69.35
3070,62.56
3071,57.55
3072,53.54
3073,53.24
3074,53.54
3075,54.44
3076,55.87
3077,57.74
3078,59.91
3079,62.24
3080,64.57
3081,66.74
3082,68.60
3083,70.05
3084,71.01
3085,71.57
3086,72.05
3087,73.07
3088,75.22
3089,78.28
3090,80.67
3091,80.24
3092,76.02
3093,69.28
3094,62.50
3095,57.49
3096,53.47
3097,53.17
3098,53.47
3099,54.37
3100,55.80
3101,57.67
3102,59.84
3103,62.17
3104,64.50
3105,66.67
3106,68.53
3107,69.98
3108,70.94
3109,71.50
3110,71.98
3111,73.00
3112,75.15
3113,78.21
3114,80.60
3115,80.17
3116,75.94
3117,69.21
3118,62.43
3119,57.42
3120,53.40
3121,53.09
3122,53.40
3123,54.30
3124,55.73
3125,57.59
3126,59.76
3127,62.09
3128,64.42
3129,66.59
3130,68.46
3131,69.90
3132,70.86
3133,71.42
3134,71.91
3135,72.93
3136,75.08
3137,78.13
3138,80.53
3139,80.09
3140,75.87
3141,69.13
3142,62.35
3143,57.34
3144,49.32
3145,49.02
3146,49.32
3147,50.22
3148,51.65
3149,53.52
3150,55.69
3151,58.02
3152,60.35
3153,62.52
3154,64.38
3155,65.83
3156,66.79
3157,67.35
3158,67.83
3159,68.85
3160,71.00
3161,74.06
3162,76.45
3163,76.02
3164,71.79
3165,65.06
3166,58.27
3167,53.26
3168,49.24
3169,48.94
3170,49.24
3171,50.14
3172,51.57
3173,53.44
3174,55.61
3175,57.94
3176,60.27
3177,62.44
3178,64.30
3179,65.75
3180,66.71
3181,67.27
3182,67.75
3183,68.77
3184,70.92
3185,73.98
3186,76.37
3187,75.94
3188,71.71
3189,64.98
3190,58.19
3191,53.18
3192,53.16
3193,52.85
3194,53.16
3195,54.06
3196,55.49
3197,57.35
3198,59.52
3199,61.85
3200,64.18
3201,66.35
3202,68.22
3203,69.66
3204,70.63
3205,71.18
3206,71.67
3207,72.69
3208,74.84
3209,77.90
3210,80.29
3211,79.85
3212,75.63
3213,68.90
3214,62.11
3215,57.10
3216,53.08
3217,52.77
3218,53.08
3219,53.97
3220,55.40
3221,57.27
3222,59.44
3223,61.77
3224,64.10
3225,66.27
3226,68.13
3227,69.58
3228,70.54
3229,71.10
3230,71.58
3231,72.61
3232,74.75
3233,77.81
3234,80.21
3235,79.77
3236,75.55
3237,68.81
3238,62.03
3239,57.02
3240,52.99
3241,52.68
3242,52.99
3243,53.89
3244,55.32
3245,57.18
3246,59.35
3247,61.68
3248,64.01
3249,66.18
3250,68.05
3251,69.49
3252,70.45
3253,71.01
3254,71.49
3255,72.52
3256,74.67
3257,77.72
3258,80.12
3259,79.68
3260,75.46
3261,68.72
3262,61.94
3263,56.93
3264,52.90
3265,52.59
3266,52.90
3267,53.79
3268,55.22
3269,57.09
3270,59.26
3271,61.59
3272,63.92
3273,66.09
3274,67.95
3275,69.40
3276,70.36
3277,70.92
3278,71.40
3279,72.43
3280,74.57
3281,77.63
3282,80.03
3283,79.59
3284,75.37
3285,68.63
3286,61.85
3287,56.84
3288,52.80
3289,52.49
3290,52.80
3291,53.70
3292,55.13
3293,56.99
3294,59.17
3295,61.49
3296,63.82
3297,65.99
3298,67.86
3299,69.30
3300,70.27
3301,70.82
3302,71.31
3303,72.33
3304,74.48
3305,77.54
3306,79.93
3307,79.49
3308,75.27
3309,68.54
3310,61.75
3311,56.74
3312,48.70
3313,48.40
3314,48.70
3315,49.60
3316,51.03
3317,52.90
3318,55.07
3319,57.40
3320,59.73
3321,61.90
3322,63.76
3323,65.21
3324,66.17
3325,66.73
3326,67.21
3327,68.23
3328,70.38
3329,73.44
3330,75.83
3331,75.40
3332,71.18
3333,64.44
3334,57.66
3335,52.65
3336,48.60
3337,48.30
3338,48.60
3339,49.50
3340,50.93
3341,52.80
3342,54.97
3343,57.30
3344,59.63
3345,61.80
3346,63.66
3347,65.11
3348,66.07
3349,66.63
3350,67.11
3351,68.13
3352,70.28
3353,73.34
3354,75.73
3355,75.30
3356,71.08
3357,64.34
3358,57.56
3359,52.55
3360,52.50
3361,52.20
3362,52.50
3363,53.40
3364,54.83
3365,56.70
3366,58.87
3367,61.20
3368,63.52
3369,65.70
3370,67.56
3371,69.00
3372,69.97
3373,70.52
3374,71.01
3375,72.03
3376,74.18
3377,77.24
3378,79.63
3379,79.20
3380,74.97
3381,68.24
3382,61.45
3383,56.44
3384,52.40
3385,52.09
3386,52.40
3387,53.30
3388,54.73
3389,56.59
3390,58.76
3391,61.09
3392,63.42
3393,65.59
3394,67.46
3395,68.90
3396,69.86
3397,70.42
3398,70.90
3399,71.93
3400,74.08
3401,77.13
3402,79.53
3403,79.09
3404,74.87
3405,68.13
3406,61.35
3407,56.34
3408,52.29
3409,51.98
3410,52.29
3411,53.19
3412,54.62
3413,56.48
3414,58.65
3415,60.98
3416,63.31
3417,65.48
3418,67.35
3419,68.79
3420,69.75
3421,70.31
3422,70.79
3423,71.82
3424,73.97
3425,77.02
3426,79.42
3427,78.98
3428,74.76
3429,68.02
3430,61.24
3431,56.23
3432,52.18
3433,51.87
3434,52.18
3435,53.08
3436,54.51
3437,56.37
3438,58.54
3439,60.87
3440,63.20
3441,65.37
3442,67.24
3443,68.68
3444,69.64
3445,70.20
3446,70.68
3447,71.71
3448,73.86
3449,76.91
3450,79.31
3451,78.87
3452,74.65
3453,67.91
3454,61.13
3455,56.12
3456,52.06
3457,51.76
3458,52.06
3459,52.96
3460,54.39
3461,56.26
3462,58.43
3463,60.76
3464,63.09
3465,65.26
3466,67.12
3467,68.57
3468,69.53
3469,70.09
3470,70.57
3471,71.59
3472,73.74
3473,76.80
3474,79.19
3475,78.76
3476,74.54
3477,67.80
3478,61.02
3479,56.01
3480,47.95
3481,47.64
3482,47.95
3483,48.85
3484,50.28
3485,52.14
3486,54.31
3487,56.64
3488,58.97
3489,61.14
3490,63.01
3491,64.45
3492,65.41
3493,65.97
3494,66.45
3495,67.48
3496,69.63
3497,72.68
3498,75.08
3499,74.64
3500,70.42
3501,63.68
3502,56.90
3503,51.89
3504,47.83
3505,47.52
3506,47.83
3507,48.73
3508,50.16
3509,52.02
3510,54.19
3511,56.52
3512,58.85
3513,61.02
3514,62.89
3515,64.33
3516,65.29
3517,65.85
3518,66.34
3519,67.36
3520,69.51
3521,72.56
3522,74.96
3523,74.52
3524,70.30
3525,63.56
3526,56.78
3527,51.77
3528,51.71
3529,51.40
3530,51.71
3531,52.61
3532,54.04
3533,55.90
3534,58.07
3535,60.40
3536,62.73
3537,64.90
3538,66.77
3539,68.21
3540,69.17
3541,69.73
3542,70.22
3543,71.24
3544,73.39
3545,76.44
3546,78.84
3547,78.40
3548,74.18
3549,67.44
3550,60.66
3551,55.65
3552,51.59
3553,51.28
3554,51.59
3555,52.49
3556,53.92
3557,55.78
3558,57.95
3559,60.28
3560,62.61
3561,64.78
3562,66.65
3563,68.09
3564,69.05
3565,69.61
3566,70.09
3567,71.12
3568,73.27
3569,76.32
3570,78.72
3571,78.28
3572,74.06
3573,67.32
3574,60.54
3575,55.53
3576,51.46
3577,51.15
3578,51.46
3579,52.36
3580,53.79
3581,55.65
3582,57.82
3583,60.15
3584,62.48
3585,64.65
3586,66.52
3587,67.96
3588,68.92
3589,69.48
3590,69.97
3591,70.99
3592,73.14
3593,76.19
3594,78.59
3595,78.15
3596,73.93
3597,67.19
3598,60.41
3599,55.40
3600,51.33
3601,51.03
3602,51.33
3603,52.23
3604,53.66
3605,55.53
3606,57.70
3607,60.03
3608,62.35
3609,64.53
3610,66.39
3611,67.83
3612,68.80
3613,69.35
3614,69.84
3615,70.86
3616,73.01
3617,76.07
3618,78.46
3619,78.03
3620,73.80
3621,67.07
3622,60.28
3623,55.27
3624,51.20
3625,50.89
3626,51.20
3627,52.10
3628,53.53
3629,55.39
3630,57.57
3631,59.89
3632,62.22
3633,64.39
3634,66.26
3635,67.70
3636,68.67
3637,69.22
3638,69.71
3639,70.73
3640,72.88
3641,75.94
3642,78.33
3643,77.89
3644,73.67
3645,66.94
3646,60.15
3647,55.14
3648,47.07
3649,46.76
3650,47.07
3651,47.97
3652,49.40
3653,51.26
3654,53.43
3655,55.76
3656,58.09
3657,60.26
3658,62.13
3659,63.57
3660,64.53
3661,65.09
3662,65.57
3663,66.60
3664,68.75
3665,71.80
3666,74.20
3667,73.76
3668,69.54
3669,62.80
3670,56.02
3671,51.01
3672,46.93
3673,46.63
3674,46.93
3675,47.83
3676,49.26
3677,51.13
3678,53.30
3679,55.63
3680,57.96
3681,60.13
3682,61.99
3683,63.44
3684,64.40
3685,64.96
3686,65.44
3687,66.46
3688,68.61
3689,71.67
3690,74.06
3691,73.63
3692,69.40
3693,62.67
3694,55.88
3695,50.87
3696,50.80
3697,50.49
3698,50.80
3699,51.69
3700,53.12
3701,54.99
3702,57.16
3703,59.49
3704,61.82
3705,63.99
3706,65.85
3707,67.30
3708,68.26
3709,68.82
3710,69.30
3711,70.32
3712,72.47
3713,75.53
3714,77.92
3715,77.49
3716,73.27
3717,66.53
3718,59.75
3719,54.74
3720,50.66
3721,50.35
3722,50.66
3723,51.55
3724,52.98
3725,54.85
3726,57.02
3727,59.35
3728,61.68
3729,63.85
3730,65.71
3731,67.16
3732,68.12
3733,68.68
3734,69.16
3735,70.19
3736,72.33
3737,75.39
3738,77.79
3739,77.35
3740,73.13
3741,66.39
3742,59.61
3743,54.60
3744,50.51
3745,50.21
3746,50.51
3747,51.41
3748,52.84
3749,54.71
3750,56.88
3751,59.21
3752,61.54
3753,63.71
3754,65.57
3755,67.02
3756,67.98
3757,68.54
3758,69.02
3759,70.04
3760,72.19
3761,75.25
3762,77.64
3763,77.21
3764,72.98
3765,66.25
3766,59.46
3767,54.45
3768,50.37
3769,50.06
3770,50.37
3771,51.27
3772,52.70
3773,54.56
3774,56.73
3775,59.06
3776,61.39
3777,63.56
3778,65.43
3779,66.87
3780,67.83
3781,68.39
3782,68.88
3783,69.90
3784,72.05
3785,75.10
3786,77.50
3787,77.06
3788,72.84
3789,66.10
3790,59.32
3791,54.31
3792,50.22
3793,49.92
3794,50.22
3795,51.12
3796,52.55
3797,54.42
3798,56.59
3799,58.92
3800,61.25
3801,63.42
3802,65.28
3803,66.73
3804,67.69
3805,68.25
3806,68.73
3807,69.75
3808,71.90
3809,74.96
3810,77.35
3811,76.92
3812,72.69
3813,65.96
3814,59.17
3815,54.16
3816,46.07
3817,45.77
3818,46.07
3819,46.97
3820,48.40
3821,50.27
3822,52.44
3823,54.77
3824,57.10
3825,59.27
3826,61.13
3827,62.58
3828,63.54
3829,64.10
3830,64.58
3831,65.60
3832,67.75
3833,70.81
3834,73.20
3835,72.77
3836,68.55
3837,61.81
3838,55.03
3839,50.02
3840,45.92
3841,45.62
3842,45.92
3843,46.82
3844,48.25
3845,50.12
3846,52.29
3847,54.62
3848,56.95
3849,59.12
3850,60.98
3851,62.43
3852,63.39
3853,63.95
3854,64.43
3855,65.45
3856,67.60
3857,70.66
3858,73.05
3859,72.62
3860,68.40
3861,61.66
3862,54.88
3863,49.87
3864,49.77
3865,49.47
3866,49.77
3867,50.67
3868,52.10
3869,53.97
3870,56.14
3871,58.47
3872,60.80
3873,62.97
3874,64.83
3875,66.27
3876,67.24
3877,67.80
3878,68.28
3879,69.30
3880,71.45
3881,74.51
3882,76.90
3883,76.47
3884,72.24
3885,65.51
3886,58.72
3887,53.71
3888,49.62
3889,49.31
3890,49.62
3891,50.52
3892,51.95
3893,53.81
3894,55.98
3895,58.31
3896,60.64
3897,62.81
3898,64.68
3899,66.12
3900,67.08
3901,67.64
3902,68.12
3903,69.15
3904,71.30
3905,74.35
3906,76.75
3907,76.31
3908,72.09
3909,65.35
3910,58.57
3911,53.56
3912,49.46
3913,49.16
3914,49.46
3915,50.36
3916,51.79
3917,53.66
3918,55.83
3919,58.16
3920,60.48
3921,62.66
3922,64.52
3923,65.96
3924,66.93
3925,67.49
3926,67.97
3927,68.99
3928,71.14
3929,74.20
3930,76.59
3931,76.16
3932,71.93
3933,65.20
3934,58.41
3935,53.40
3936,49.30
3937,49.00
3938,49.30
3939,50.20
3940,51.63
3941,53.50
3942,55.67
3943,58.00
3944,60.33
3945,62.50
3946,64.36
3947,65.81
3948,66.77
3949,67.33
3950,67.81
3951,68.83
3952,70.98
3953,74.04
3954,76.43
3955,76.00
3956,71.78
3957,65.04
3958,58.26
3959,53.25
3960,49.14
3961,48.84
3962,49.14
3963,50.04
3964,51.47
3965,53.34
3966,55.51
3967,57.84
3968,60.17
3969,62.34
3970,64.20
3971,65.65
3972,66.61
3973,67.17
3974,67.65
3975,68.67
3976,70.82
3977,73.88
3978,76.27
3979,75.84
3980,71.62
3981,64.88
3982,58.10
3983,53.09
3984,44.98
3985,44.68
3986,44.98
3987,45.88
3988,47.31
3989,49.18
3990,51.35
3991,53.68
3992,56.01
3993,58.18
3994,60.04
3995,61.49
3996,62.45
3997,63.01
3998,63.49
3999,64.51
4000,66.66
4001,69.72
4002,72.11
4003,71.68
4004,67.45
4005,60.72
4006,53.93
4007,48.92
4008,44.82
4009,44.51
4010,44.82
4011,45.72
4012,47.15
4013,49.01
4014,51.18
4015,53.51
4016,55.84
4017,58.01
4018,59.88
4019,61.32
4020,62.28
4021,62.84
4022,63.33
4023,64.35
4024,66.50
4025,69.55
4026,71.95
4027,71.51
4028,67.29
4029,60.55
4030,53.77
4031,48.76
4032,48.66
4033,48.35
4034,48.66
4035,49.55
4036,50.99
4037,52.85
4038,55.02
4039,57.35
4040,59.68
4041,61.85
4042,63.72
4043,65.16
4044,66.12
4045,66.68
4046,67.16
4047,68.19
4048,70.33
4049,73.39
4050,75.79
4051,75.35
4052,71.13
4053,64.39
4054,57.61
4055,52.60
4056,48.49
4057,48.18
4058,48.49
4059,49.39
4060,50.82
4061,52.68
4062,54.85
4063,57.18
4064,59.51
4065,61.68
4066,63.55
4067,64.99
4068,65.95
4069,66.51
4070,67.00
4071,68.02
4072,70.17
4073,73.22
4074,75.62
4075,75.18
4076,70.96
4077,64.22
4078,57.44
4079,52.43
4080,48.32
4081,48.01
4082,48.32
4083,49.22
4084,50.65
4085,52.51
4086,54.69
4087,57.01
4088,59.34
4089,61.52
4090,63.38
4091,64.82
4092,65.79
4093,66.34
4094,66.83
4095,67.85
4096,70.00
4097,73.06
4098,75.45
4099,75.01
4100,70.79
4101,64.06
4102,57.27
4103,52.26
4104,48.15
4105,47.85
4106,48.15
4107,49.05
4108,50.48
4109,52.35
4110,54.52
4111,56.85
4112,59.18
4113,61.35
4114,63.21
4115,64.65
4116,65.62
4117,66.18
4118,66.66
4119,67.68
4120,69.83
4121,72.89
4122,75.28
4123,74.85
4124,70.62
4125,63.89
4126,57.10
4127,52.09
4128,47.98
4129,47.68
4130,47.98
4131,48.88
4132,50.31
4133,52.18
4134,54.35
4135,56.68
4136,59.00
4137,61.18
4138,63.04
4139,64.48
4140,65.45
4141,66.00
4142,66.49
4143,67.51
4144,69.66
4145,72.72
4146,75.11
4147,74.68
4148,70.45
4149,63.72
4150,56.93
4151,51.92
4152,43.81
4153,43.50
4154,43.81
4155,44.71
4156,46.14
4157,48.00
4158,50.17
4159,52.50
4160,54.83
4161,57.00
4162,58.87
4163,60.31
4164,61.27
4165,61.83
4166,62.32
4167,63.34
4168,65.49
4169,68.54
4170,70.94
4171,70.50
4172,66.28
4173,59.54
4174,52.76
4175,47.75
4176,43.64
4177,43.33
4178,43.64
4179,44.54
4180,45.97
4181,47.83
4182,50.00
4183,52.33
4184,54.66
4185,56.83
4186,58.70
4187,60.14
4188,61.10
4189,61.66
4190,62.14
4191,63.17
4192,65.32
4193,68.37
4194,70.77
4195,70.33
4196,66.11
4197,59.37
4198,52.59
4199,47.58
4200,47.46
4201,47.15
4202,47.46
4203,48.36
4204,49.79
4205,51.65
4206,53.83
4207,56.15
4208,58.48
4209,60.66
4210,62.52
4211,63.96
4212,64.93
4213,65.48
4214,65.97
4215,66.99
4216,69.14
4217,72.20
4218,74.59
4219,74.15
4220,69.93
4221,63.20
4222,56.41
4223,51.40
4224,47.29
4225,46.98
4226,47.29
4227,48.18
4228,49.61
4229,51.48
4230,53.65
4231,55.98
4232,58.31
4233,60.48
4234,62.35
4235,63.79
4236,64.75
4237,65.31
4238,65.79
4239,66.82
4240,68.96
4241,72.02
4242,74.42
4243,73.98
4244,69.76
4245,63.02
4246,56.24
4247,51.23
4248,47.11
4249,46.80
4250,47.11
4251,48.01
4252,49.44
4253,51.30
4254,53.47
4255,55.80
4256,58.13
4257,60.30
4258,62.17
4259,63.61
4260,64.57
4261,65.13
4262,65.61
4263,66.64
4264,68.79
4265,71.84
4266,74.24
4267,73.80
4268,69.58
4269,62.84
4270,56.06
4271,51.05
4272,46.93
4273,46.62
4274,46.93
4275,47.83
4276,49.26
4277,51.12
4278,53.29
4279,55.62
4280,57.95
4281,60.12
4282,61.99
4283,63.43
4284,64.39
4285,64.95
4286,65.44
4287,66.46
4288,68.61
4289,71.66
4290,74.06
4291,73.62
4292,69.40
4293,62.66
4294,55.88
4295,50.87
4296,46.75
4297,46.44
4298,46.75
4299,47.65
4300,49.08
4301,50.94
4302,53.11
4303,55.44
4304,57.77
4305,59.94
4306,61.81
4307,63.25
4308,64.22
4309,64.77
4310,65.26
4311,66.28
4312,68.43
4313,71.49
4314,73.88
4315,73.44
4316,69.22
4317,62.49
4318,55.70
4319,50.69
4320,42.57
4321,42.26
4322,42.57
4323,43.47
4324,44.90
4325,46.76
4326,48.93
4327,51.26
4328,53.59
4329,55.76
4330,57.63
4331,59.07
4332,60.03
4333,60.59
4334,61.08
4335,62.10
4336,64.25
4337,67.31
4338,69.70
4339,69.26
4340,65.04
4341,58.31
4342,51.52
4343,46.51
4344,42.39
4345,42.08
4346,42.39
4347,43.29
4348,44.72
4349,46.58
4350,48.75
4351,51.08
4352,53.41
4353,55.58
4354,57.45
4355,58.89
4356,59.85
4357,60.41
4358,60.90
4359,61.92
4360,64.07
4361,67.12
4362,69.52
4363,69.08
4364,64.86
4365,58.12
4366,51.34
4367,46.33
4368,46.21
4369,45.90
4370,46.21
4371,47.11
4372,48.54
4373,50.40
4374,52.57
4375,54.90
4376,57.23
4377,59.40
4378,61.27
4379,62.71
4380,63.67
4381,64.23
4382,64.71
4383,65.74
4384,67.89
4385,70.94
4386,73.34
4387,72.90
4388,68.68
4389,61.94
4390,55.16
4391,50.15
4392,46.02
4393,45.72
4394,46.02
4395,46.92
4396,48.35
4397,50.22
4398,52.39
4399,54.72
4400,57.05
4401,59.22
4402,61.08
4403,62.53
4404,63.49
4405,64.05
4406,64.53
4407,65.55
4408,67.70
4409,70.76
4410,73.15
4411,72.72
4412,68.49
4413,61.76
4414,54.98
4415,49.97
4416,45.84
4417,45.53
4418,45.84
4419,46.74
4420,48.17
4421,50.03
4422,52.20
4423,54.53
4424,56.86
4425,59.03
4426,60.90
4427,62.34
4428,63.30
4429,63.86
4430,64.35
4431,65.37
4432,67.52
4433,70.57
4434,72.97
4435,72.53
4436,68.31
4437,61.57
4438,54.79
4439,49.78
4440,45.66
4441,45.35
4442,45.66
4443,46.55
4444,47.98
4445,49.85
4446,52.02
4447,54.35
4448,56.68
4449,58.85
4450,60.71
4451,62.16
4452,63.12
4453,63.68
4454,64.16
4455,65.19
4456,67.33
4457,70.39
4458,72.79
4459,72.35
4460,68.13
4461,61.39
4462,54.61
4463,49.60
4464,45.47
4465,45.16
4466,45.47
4467,46.37
4468,47.80
4469,49.66
4470,51.83
4471,54.16
4472,56.49
4473,58.66
4474,60.53
4475,61.97
4476,62.93
4477,63.49
4478,63.98
4479,65.00
4480,67.15
4481,70.20
4482,72.60
4483,72.16
4484,67.94
4485,61.20
4486,54.42
4487,49.41
4488,41.28
4489,40.98
4490,41.28
4491,42.18
4492,43.61
4493,45.48
4494,47.65
4495,49.98
4496,52.31
4497,54.48
4498,56.34
4499,57.79
4500,58.75
4501,59.31
4502,59.79
4503,60.81
4504,62.96
4505,66.02
4506,68.41
4507,67.98
4508,63.76
4509,57.02
4510,50.24
4511,45.23
4512,41.10
4513,40.79
4514,41.10
4515,42.00
4516,43.43
4517,45.29
4518,47.46
4519,49.79
4520,52.12
4521,54.29
4522,56.16
4523,57.60
4524,58.56
4525,59.12
4526,59.60
4527,60.63
4528,62.78
4529,65.83
4530,68.23
4531,67.79
4532,63.57
4533,56.83
4534,50.05
4535,45.04
4536,44.91
4537,44.60
4538,44.91
4539,45.81
4540,47.24
4541,49.10
4542,51.27
4543,53.60
4544,55.93
4545,58.10
4546,59.97
4547,61.41
4548,62.37
4549,62.93
4550,63.42
4551,64.44
4552,66.59
4553,69.65
4554,72.04
4555,71.60
4556,67.38
4557,60.65
4558,53.86
4559,48.85
4560,44.72
4561,44.42
4562,44.72
4563,45.62
4564,47.05
4565,48.92
4566,51.09
4567,53.42
4568,55.75
4569,57.92
4570,59.78
4571,61.23
4572,62.19
4573,62.75
4574,63.23
4575,64.25
4576,66.40
4577,69.46
4578,71.85
4579,71.42
4580,67.19
4581,60.46
4582,53.67
4583,48.66
4584,44.53
4585,44.23
4586,44.53
4587,45.43
4588,46.86
4589,48.73
4590,50.90
4591,53.23
4592,55.56
4593,57.73
4594,59.59
4595,61.04
4596,62.00
4597,62.56
4598,63.04
4599,64.06
4600,66.21
4601,69.27
4602,71.66
4603,71.23
4604,67.01
4605,60.27
4606,53.49
4607,48.48
4608,44.35
4609,44.04
4610,44.35
4611,45.25
4612,46.68
4613,48.54
4614,50.71
4615,53.04
4616,55.37
4617,57.54
4618,59.41
4619,60.85
4620,61.81
4621,62.37
4622,62.85
4623,63.88
4624,66.03
4625,69.08
4626,71.48
4627,71.04
4628,66.82
4629,60.08
4630,53.30
4631,48.29
4632,44.16
4633,43.85
4634,44.16
4635,45.06
4636,46.49
4637,48.35
4638,50.52
4639,52.85
4640,55.18
4641,57.35
4642,59.22
4643,60.66
4644,61.62
4645,62.18
4646,62.66
4647,63.69
4648,65.84
4649,68.89
4650,71.29
4651,70.85
4652,66.63
4653,59.89
4654,53.11
4655,48.10
4656,39.97
4657,39.66
4658,39.97
4659,40.87
4660,42.30
4661,44.16
4662,46.33
4663,48.66
4664,50.99
4665,53.16
4666,55.03
4667,56.47
4668,57.43
4669,57.99
4670,58.47
4671,59.50
4672,61.65
4673,64.70
4674,67.10
4675,66.66
4676,62.44
4677,55.70
4678,48.92
4679,43.91
4680,39.78
4681,39.47
4682,39.78
4683,40.68
4684,42.11
4685,43.97
4686,46.14
4687,48.47
4688,50.80
4689,52.97
4690,54.84
4691,56.28
4692,57.24
4693,57.80
4694,58.29
4695,59.31
4696,61.46
4697,64.51
4698,66.91
4699,66.47
4700,62.25
4701,55.51
4702,48.73
4703,43.72
4704,43.59
4705,43.28
4706,43.59
4707,44.49
4708,45.92
4709,47.78
4710,49.95
4711,52.28
4712,54.61
4713,56.78
4714,58.65
4715,60.09
4716,61.06
4717,61.61
4718,62.10
4719,63.12
4720,65.27
4721,68.33
4722,70.72
4723,70.28
4724,66.06
4725,59.33
4726,52.54
4727,47.53
4728,43.40
4729,43.09
4730,43.40
4731,44.30
4732,45.73
4733,47.59
4734,49.77
4735,52.09
4736,54.42
4737,56.59
4738,58.46
4739,59.90
4740,60.87
4741,61.42
4742,61.91
4743,62.93
4744,65.08
4745,68.14
4746,70.53
4747,70.09
4748,65.87
4749,59.14
4750,52.35
4751,47.34
4752,43.21
4753,42.91
4754,43.21
4755,44.11
4756,45.54
4757,47.41
4758,49.58
4759,51.91
4760,54.23
4761,56.41
4762,58.27
4763,59.71
4764,60.68
4765,61.24
4766,61.72
4767,62.74
4768,64.89
4769,67.95
4770,70.34
4771,69.91
4772,65.68
4773,58.95
4774,52.16
4775,47.15
4776,43.02
4777,42.72
4778,43.02
4779,43.92
4780,45.35
4781,47.22
4782,49.39
4783,51.72
4784,54.05
4785,56.22
4786,58.08
4787,59.52
4788,60.49
4789,61.05
4790,61.53
4791,62.55
4792,64.70
4793,67.76
4794,70.15
4795,69.72
4796,65.49
4797,58.76
4798,51.97
4799,46.96
4800,42.83
4801,42.53
4802,42.83
4803,43.73
4804,45.16
4805,47.03
4806,49.20
4807,51.53
4808,53.86
4809,56.03
4810,57.89
4811,59.34
4812,60.30
4813,60.86
4814,61.34
4815,62.36
4816,64.51
4817,67.57
4818,69.96
4819,69.53
4820,65.30
4821,58.57
4822,51.78
4823,46.77
4824,38.64
4825,38.34
4826,38.64
4827,39.54
4828,40.97
4829,42.84
4830,45.01
4831,47.34
4832,49.67
4833,51.84
4834,53.70
4835,55.15
4836,56.11
4837,56.67
4838,57.15
4839,58.17
4840,60.32
4841,63.38
4842,65.77
4843,65.34
4844,61.12
4845,54.38
4846,47.60
4847,42.59
4848,38.46
4849,38.15
4850,38.46
4851,39.35
4852,40.78
4853,42.65
4854,44.82
4855,47.15
4856,49.48
4857,51.65
4858,53.51
4859,54.96
4860,55.92
4861,56.48
4862,56.96
4863,57.99
4864,60.13
4865,63.19
4866,65.59
4867,65.15
4868,60.93
4869,54.19
4870,47.41
4871,42.40
4872,42.27
4873,41.96
4874,42.27
4875,43.17
4876,44.60
4877,46.46
4878,48.63
4879,50.96
4880,53.29
4881,55.46
4882,57.33
4883,58.77
4884,59.73
4885,60.29
4886,60.77
4887,61.80
4888,63.95
4889,67.00
4890,69.40
4891,68.96
4892,64.74
4893,58.00
4894,51.22
4895,46.21
4896,42.08
4897,41.77
4898,42.08
4899,42.98
4900,44.41
4901,46.27
4902,48.44
4903,50.77
4904,53.10
4905,55.27
4906,57.14
4907,58.58
4908,59.54
4909,60.10
4910,60.58
4911,61.61
4912,63.76
4913,66.81
4914,69.21
4915,68.77
4916,64.55
4917,57.81
4918,51.03
4919,46.02
4920,41.89
4921,41.58
4922,41.89
4923,42.79
4924,44.22
4925,46.08
4926,48.25
4927,50.58
4928,52.91
4929,55.08
4930,56.95
4931,58.39
4932,59.35
4933,59.91
4934,60.40
4935,61.42
4936,63.57
4937,66.63
4938,69.02
4939,68.58
4940,64.36
4941,57.63
4942,50.84
4943,45.83
4944,41.70
4945,41.40
4946,41.70
4947,42.60
4948,44.03
4949,45.90
4950,48.07
4951,50.40
4952,52.73
4953,54.90
4954,56.76
4955,58.21
4956,59.17
4957,59.73
4958,60.21
4959,61.23
4960,63.38
4961,66.44
4962,68.83
4963,68.40
4964,64.17
4965,57.44
4966,50.65
4967,45.64
4968,41.52
4969,41.21
4970,41.52
4971,42.41
4972,43.85
4973,45.71
4974,47.88
4975,50.21
4976,52.54
4977,54.71
4978,56.58
4979,58.02
4980,58.98
4981,59.54
4982,60.02
4983,61.05
4984,63.19
4985,66.25
4986,68.65
4987,68.21
4988,63.99
4989,57.25
4990,50.47
4991,45.46
4992,37.33
4993,37.02
4994,37.33
4995,38.23
4996,39.66
4997,41.52
4998,43.69
4999,46.02
5000,48.35
5001,50.52
5002,52.39
5003,53.83
5004,54.79
5005,55.35
5006,55.84
5007,56.86
5008,59.01
5009,62.06
5010,64.46
5011,64.02
5012,59.80
5013,53.06
5014,46.28
5015,41.27
5016,37.14
5017,36.84
5018,37.14
5019,38.04
5020,39.47
5021,41.34
5022,43.51
5023,45.84
5024,48.17
5025,50.34
5026,52.20
5027,53.65
5028,54.61
5029,55.17
5030,55.65
5031,56.67
5032,58.82
5033,61.88
5034,64.27
5035,63.84
5036,59.61
5037,52.88
5038,46.09
5039,41.08
5040,40.96
5041,40.65
5042,40.96
5043,41.86
5044,43.29
5045,45.15
5046,47.32
5047,49.65
5048,51.98
5049,54.15
5050,56.02
5051,57.46
5052,58.42
5053,58.98
5054,59.46
5055,60.49
5056,62.64
5057,65.69
5058,68.09
5059,67.65
5060,63.43
5061,56.69
5062,49.91
5063,44.90
5064,40.77
5065,40.47
5066,40.77
5067,41.67
5068,43.10
5069,44.97
5070,47.14
5071,49.47
5072,51.80
5073,53.97
5074,55.83
5075,57.28
5076,58.24
5077,58.80
5078,59.28
5079,60.30
5080,62.45
5081,65.51
5082,67.90
5083,67.47
5084,63.24
5085,56.51
5086,49.72
5087,44.71
5088,40.59
5089,40.28
5090,40.59
5091,41.49
5092,42.92
5093,44.78
5094,46.95
5095,49.28
5096,51.61
5097,53.78
5098,55.65
5099,57.09
5100,58.05
5101,58.61
5102,59.10
5103,60.12
5104,62.27
5105,65.32
5106,67.72
5107,67.28
5108,63.06
5109,56.32
5110,49.54
5111,44.53
5112,40.41
5113,40.10
5114,40.41
5115,41.31
5116,42.74
5117,44.60
5118,46.77
5119,49.10
5120,51.43
5121,53.60
5122,55.47
5123,56.91
5124,57.87
5125,58.43
5126,58.91
5127,59.94
5128,62.09
5129,65.14
5130,67.54
5131,67.10
5132,62.88
5133,56.14
5134,49.36
5135,44.35
5136,40.22
5137,39.92
5138,40.22
5139,41.12
5140,42.55
5141,44.42
5142,46.59
5143,48.92
5144,51.25
5145,53.42
5146,55.28
5147,56.73
5148,57.69
5149,58.25
5150,58.73
5151,59.75
5152,61.90
5153,64.96
5154,67.35
5155,66.92
5156,62.70
5157,55.96
5158,49.18
5159,44.17
5160,36.04
5161,35.74
5162,36.04
5163,36.94
5164,38.37
5165,40.24
5166,42.41
5167,44.74
5168,47.07
5169,49.24
5170,51.10
5171,52.55
5172,53.51
5173,54.07
5174,54.55
5175,55.57
5176,57.72
5177,60.78
5178,63.17
5179,62.74
5180,58.51
5181,51.78
5182,44.99
5183,39.98
5184,35.86
5185,35.56
5186,35.86
5187,36.76
5188,38.19
5189,40.06
5190,42.23
5191,44.56
5192,46.89
5193,49.06
5194,50.92
5195,52.36
5196,53.33
5197,53.89
5198,54.37
5199,55.39
5200,57.54
5201,60.60
5202,62.99
5203,62.56
5204,58.33
5205,51.60
5206,44.81
5207,39.80
5208,39.68
5209,39.38
5210,39.68
5211,40.58
5212,42.01
5213,43.88
5214,46.05
5215,48.38
5216,50.71
5217,52.88
5218,54.74
5219,56.19
5220,57.15
5221,57.71
5222,58.19
5223,59.21
5224,61.36
5225,64.42
5226,66.81
5227,66.38
5228,62.15
5229,55.42
5230,48.63
5231,43.62
5232,39.50
5233,39.20
5234,39.50
5235,40.40
5236,41.83
5237,43.70
5238,45.87
5239,48.20
5240,50.53
5241,52.70
5242,54.56
5243,56.01
5244,56.97
5245,57.53
5246,58.01
5247,59.03
5248,61.18
5249,64.24
5250,66.63
5251,66.20
5252,61.98
5253,55.24
5254,48.46
5255,43.45
5256,39.33
5257,39.02
5258,39.33
5259,40.23
5260,41.66
5261,43.52
5262,45.69
5263,48.02
5264,50.35
5265,52.52
5266,54.39
5267,55.83
5268,56.79
5269,57.35
5270,57.83
5271,58.86
5272,61.01
5273,64.06
5274,66.46
5275,66.02
5276,61.80
5277,55.06
5278,48.28
5279,43.27
5280,39.15
5281,38.85
5282,39.15
5283,40.05
5284,41.48
5285,43.35
5286,45.52
5287,47.85
5288,50.17
5289,52.35
5290,54.21
5291,55.65
5292,56.62
5293,57.17
5294,57.66
5295,58.68
5296,60.83
5297,63.89
5298,66.28
5299,65.85
5300,61.62
5301,54.89
5302,48.10
5303,43.09
5304,38.98
5305,38.67
5306,38.98
5307,39.88
5308,41.31
5309,43.17
5310,45.34
5311,47.67
5312,50.00
5313,52.17
5314,54.04
5315,55.48
5316,56.44
5317,57.00
5318,57.48
5319,58.51
5320,60.66
5321,63.71
5322,66.11
5323,65.67
5324,61.45
5325,54.71
5326,47.93
5327,42.92
5328,34.80
5329,34.50
5330,34.80
5331,35.70
5332,37.13
5333,39.00
5334,41.17
5335,43.50
5336,45.83
5337,48.00
5338,49.86
5339,51.31
5340,52.27
5341,52.83
5342,53.31
5343,54.33
5344,56.48
5345,59.54
5346,61.93
5347,61.50
5348,57.27
5349,50.54
5350,43.75
5351,38.75
5352,34.63
5353,34.32
5354,34.63
5355,35.53
5356,36.96
5357,38.82
5358,41.00
5359,43.32
5360,45.65
5361,47.83
5362,49.69
5363,51.13
5364,52.10
5365,52.65
5366,53.14
5367,54.16
5368,56.31
5369,59.37
5370,61.76
5371,61.32
5372,57.10
5373,50.37
5374,43.58
5375,38.57
5376,38.46
5377,38.15
5378,38.46
5379,39.36
5380,40.79
5381,42.65
5382,44.82
5383,47.15
5384,49.48
5385,51.65
5386,53.52
5387,54.96
5388,55.93
5389,56.48
5390,56.97
5391,57.99
5392,60.14
5393,63.20
5394,65.59
5395,65.15
5396,60.93
5397,54.20
5398,47.41
5399,42.40
5400,38.29
5401,37.99
5402,38.29
5403,39.19
5404,40.62
5405,42.49
5406,44.66
5407,46.99
5408,49.31
5409,51.49
5410,53.35
5411,54.79
5412,55.76
5413,56.31
5414,56.80
5415,57.82
5416,59.97
5417,63.03
5418,65.42
5419,64.99
5420,60.76
5421,54.03
5422,47.24
5423,42.23
5424,38.12
5425,37.82
5426,38.12
5427,39.02
5428,40.45
5429,42.32
5430,44.49
5431,46.82
5432,49.15
5433,51.32
5434,53.18
5435,54.63
5436,55.59
5437,56.15
5438,56.63
5439,57.65
5440,59.80
5441,62.86
5442,65.25
5443,64.82
5444,60.59
5445,53.86
5446,47.08
5447,42.07
5448,37.96
5449,37.65
5450,37.96
5451,38.86
5452,40.29
5453,42.15
5454,44.32
5455,46.65
5456,48.98
5457,51.15
5458,53.02
5459,54.46
5460,55.42
5461,55.98
5462,56.46
5463,57.49
5464,59.64
5465,62.69
5466,65.09
5467,64.65
5468,60.43
5469,53.69
5470,46.91
5471,41.90
5472,37.79
5473,37.49
5474,37.79
5475,38.69
5476,40.12
5477,41.99
5478,44.16
5479,46.49
5480,48.82
5481,50.99
5482,52.85
5483,54.30
5484,55.26
5485,55.82
5486,56.30
5487,57.32
5488,59.47
5489,62.53
5490,64.92
5491,64.49
5492,60.26
5493,53.53
5494,46.74
5495,41.73
5496,33.63
5497,33.32
5498,33.63
5499,34.53
5500,35.96
5501,37.82
5502,39.99
5503,42.32
5504,44.65
5505,46.82
5506,48.69
5507,50.13
5508,51.09
5509,51.65
5510,52.14
5511,53.16
5512,55.31
5513,58.36
5514,60.76
5515,60.32
5516,56.10
5517,49.36
5518,42.58
5519,37.57
5520,33.47
5521,33.16
5522,33.47
5523,34.37
5524,35.80
5525,37.66
5526,39.83
5527,42.16
5528,44.49
5529,46.66
5530,48.53
5531,49.97
5532,50.93
5533,51.49
5534,51.97
5535,53.00
5536,55.15
5537,58.20
5538,60.60
5539,60.16
5540,55.94
5541,49.20
5542,42.42
5543,37.41
5544,37.31
5545,37.00
5546,37.31
5547,38.21
5548,39.64
5549,41.50
5550,43.67
5551,46.00
5552,48.33
5553,50.50
5554,52.37
5555,53.81
5556,54.77
5557,55.33
5558,55.81
5559,56.84
5560,58.99
5561,62.04
5562,64.44
5563,64.00
5564,59.78
5565,53.04
5566,46.26
5567,41.25
5568,37.15
5569,36.84
5570,37.15
5571,38.05
5572,39.48
5573,41.34
5574,43.52
5575,45.84
5576,48.17
5577,50.34
5578,52.21
5579,53.65
5580,54.62
5581,55.17
5582,55.66
5583,56.68
5584,58.83
5585,61.89
5586,64.28
5587,63.84
5588,59.62
5589,52.89
5590,46.10
5591,41.09
5592,37.00
5593,36.69
5594,37.00
5595,37.89
5596,39.32
5597,41.19
5598,43.36
5599,45.69
5600,48.02
5601,50.19
5602,52.05
5603,53.50
5604,54.46
5605,55.02
5606,55.50
5607,56.52
5608,58.67
5609,61.73
5610,64.12
5611,63.69
5612,59.47
5613,52.73
5614,45.95
5615,40.94
5616,36.84
5617,36.53
5618,36.84
5619,37.74
5620,39.17
5621,41.03
5622,43.20
5623,45.53
5624,47.86
5625,50.03
5626,51.90
5627,53.34
5628,54.31
5629,54.86
5630,55.35
5631,56.37
5632,58.52
5633,61.58
5634,63.97
5635,63.53
5636,59.31
5637,52.58
5638,45.79
5639,40.78
5640,36.69
5641,36.38
5642,36.69
5643,37.59
5644,39.02
5645,40.88
5646,43.05
5647,45.38
5648,47.71
5649,49.88
5650,51.75
5651,53.19
5652,54.15
5653,54.71
5654,55.19
5655,56.22
5656,58.37
5657,61.42
5658,63.82
5659,63.38
5660,59.16
5661,52.42
5662,45.64
5663,40.63
5664,32.54
5665,32.23
5666,32.54
5667,33.44
5668,34.87
5669,36.73
5670,38.90
5671,41.23
5672,43.56
5673,45.73
5674,47.60
5675,49.04
5676,50.00
5677,50.56
5678,51.04
5679,52.07
5680,54.22
5681,57.27
5682,59.67
5683,59.23
5684,55.01
5685,48.27
5686,41.49
5687,36.48
5688,32.39
5689,32.08
5690,32.39
5691,33.29
5692,34.72
5693,36.58
5694,38.75
5695,41.08
5696,43.41
5697,45.58
5698,47.45
5699,48.89
5700,49.85
5701,50.41
5702,50.90
5703,51.92
5704,54.07
5705,57.12
5706,59.52
5707,59.08
5708,54.86
5709,48.12
5710,41.34
5711,36.33
5712,36.24
5713,35.94
5714,36.24
5715,37.14
5716,38.57
5717,40.44
5718,42.61
5719,44.94
5720,47.27
5721,49.44
5722,51.30
5723,52.75
5724,53.71
5725,54.27
5726,54.75
5727,55.77
5728,57.92
5729,60.98
5730,63.37
5731,62.94
5732,58.72
5733,51.98
5734,45.20
5735,40.19
5736,36.10
5737,35.79
5738,36.10
5739,37.00
5740,38.43
5741,40.29
5742,42.46
5743,44.79
5744,47.12
5745,49.29
5746,51.16
5747,52.60
5748,53.56
5749,54.12
5750,54.61
5751,55.63
5752,57.78
5753,60.83
5754,63.23
5755,62.79
5756,58.57
5757,51.83
5758,45.05
5759,40.04
5760,35.96
5761,35.65
5762,35.96
5763,36.86
5764,38.29
5765,40.15
5766,42.32
5767,44.65
5768,46.98
5769,49.15
5770,51.02
5771,52.46
5772,53.42
5773,53.98
5774,54.46
5775,55.49
5776,57.64
5777,60.69
5778,63.09
5779,62.65
5780,58.43
5781,51.69
5782,44.91
5783,39.90
5784,35.82
5785,35.51
5786,35.82
5787,36.72
5788,38.15
5789,40.01
5790,42.18
5791,44.51
5792,46.84
5793,49.01
5794,50.88
5795,52.32
5796,53.28
5797,53.84
5798,54.32
5799,55.35
5800,57.50
5801,60.55
5802,62.95
5803,62.51
5804,58.29
5805,51.55
5806,44.77
5807,39.76
5808,35.68
5809,35.37
5810,35.68
5811,36.58
5812,38.01
5813,39.87
5814,42.04
5815,44.37
5816,46.70
5817,48.87
5818,50.74
5819,52.18
5820,53.15
5821,53.70
5822,54.19
5823,55.21
5824,57.36
5825,60.42
5826,62.81
5827,62.37
5828,58.15
5829,51.42
5830,44.63
5831,39.62
5832,31.55
5833,31.24
5834,31.55
5835,32.44
5836,33.87
5837,35.74
5838,37.91
5839,40.24
5840,42.57
5841,44.74
5842,46.60
5843,48.05
5844,49.01
5845,49.57
5846,50.05
5847,51.08
5848,53.22
5849,56.28
5850,58.68
5851,58.24
5852,54.02
5853,47.28
5854,40.50
5855,35.49
5856,31.41
5857,31.11
5858,31.41
5859,32.31
5860,33.74
5861,35.61
5862,37.78
5863,40.11
5864,42.43
5865,44.61
5866,46.47
5867,47.91
5868,48.88
5869,49.44
5870,49.92
5871,50.94
5872,53.09
5873,56.15
5874,58.54
5875,58.11
5876,53.88
5877,47.15
5878,40.36
5879,35.35
5880,35.28
5881,34.97
5882,35.28
5883,36.18
5884,37.61
5885,39.47
5886,41.65
5887,43.97
5888,46.30
5889,48.48
5890,50.34
5891,51.78
5892,52.75
5893,53.30
5894,53.79
5895,54.81
5896,56.96
5897,60.02
5898,62.41
5899,61.97
5900,57.75
5901,51.02
5902,44.23
5903,39.22
5904,35.15
5905,34.85
5906,35.15
5907,36.05
5908,37.48
5909,39.35
5910,41.52
5911,43.85
5912,46.18
5913,48.35
5914,50.21
5915,51.66
5916,52.62
5917,53.18
5918,53.66
5919,54.68
5920,56.83
5921,59.89
5922,62.28
5923,61.85
5924,57.62
5925,50.89
5926,44.10
5927,39.09
5928,35.03
5929,34.72
5930,35.03
5931,35.93
5932,37.36
5933,39.22
5934,41.39
5935,43.72
5936,46.05
5937,48.22
5938,50.09
5939,51.53
5940,52.49
5941,53.05
5942,53.53
5943,54.56
5944,56.71
5945,59.76
5946,62.16
5947,61.72
5948,57.50
5949,50.76
5950,43.98
5951,38.97
5952,34.90
5953,34.60
5954,34.90
5955,35.80
5956,37.23
5957,39.10
5958,41.27
5959,43.60
5960,45.93
5961,48.10
5962,49.96
5963,51.41
5964,52.37
5965,52.93
5966,53.41
5967,54.43
5968,56.58
5969,59.64
5970,62.03
5971,61.60
5972,57.37
5973,50.64
5974,43.86
5975,38.85
5976,34.78
5977,34.48
5978,34.78
5979,35.68
5980,37.11
5981,38.98
5982,41.15
5983,43.48
5984,45.81
5985,47.98
5986,49.84
5987,51.29
5988,52.25
5989,52.81
5990,53.29
5991,54.31
5992,56.46
5993,59.52
5994,61.91
5995,61.48
5996,57.25
5997,50.52
5998,43.73
5999,38.72
6000,30.66
6001,30.36
6002,30.66
6003,31.56
6004,32.99
6005,34.86
6006,37.03
6007,39.36
6008,41.69
6009,43.86
6010,45.72
6011,47.17
6012,48.13
6013,48.69
6014,49.17
6015,50.19
6016,52.34
6017,55.40
6018,57.79
6019,57.36
6020,53.14
6021,46.40
6022,39.62
6023,34.61
6024,30.55
6025,30.24
6026,30.55
6027,31.45
6028,32.88
6029,34.74
6030,36.91
6031,39.24
6032,41.57
6033,43.74
6034,45.61
6035,47.05
6036,48.01
6037,48.57
6038,49.05
6039,50.08
6040,52.23
6041,55.28
6042,57.68
6043,57.24
6044,53.02
6045,46.28
6046,39.50
6047,34.49
6048,34.44
6049,34.13
6050,34.44
6051,35.33
6052,36.76
6053,38.63
6054,40.80
6055,43.13
6056,45.46
6057,47.63
6058,49.49
6059,50.94
6060,51.90
6061,52.46
6062,52.94
6063,53.97
6064,56.11
6065,59.17
6066,61.57
6067,61.13
6068,56.91
6069,50.17
6070,43.39
6071,38.38
6072,34.32
6073,34.02
6074,34.32
6075,35.22
6076,36.65
6077,38.52
6078,40.69
6079,43.02
6080,45.35
6081,47.52
6082,49.38
6083,50.83
6084,51.79
6085,52.35
6086,52.83
6087,53.85
6088,56.00
6089,59.06
6090,61.45
6091,61.02
6092,56.80
6093,50.06
6094,43.28
6095,38.27
6096,34.22
6097,33.91
6098,34.22
6099,35.12
6100,36.55
6101,38.41
6102,40.58
6103,42.91
6104,45.24
6105,47.41
6106,49.28
6107,50.72
6108,51.68
6109,52.24
6110,52.72
6111,53.75
6112,55.90
6113,58.95
6114,61.35
6115,60.91
6116,56.69
6117,49.95
6118,43.17
6119,38.16
6120,34.11
6121,33.80
6122,34.11
6123,35.01
6124,36.44
6125,38.30
6126,40.48
6127,42.80
6128,45.13
6129,47.31
6130,49.17
6131,50.61
6132,51.58
6133,52.13
6134,52.62
6135,53.64
6136,55.79
6137,58.85
6138,61.24
6139,60.80
6140,56.58
6141,49.85
6142,43.06
6143,38.05
6144,34.01
6145,33.70
6146,34.01
6147,34.91
6148,36.34
6149,38.20
6150,40.37
6151,42.70
6152,45.03
6153,47.20
6154,49.07
6155,50.51
6156,51.47
6157,52.03
6158,52.51
6159,53.54
6160,55.69
6161,58.74
6162,61.14
6163,60.70
6164,56.48
6165,49.74
6166,42.96
6167,37.95
6168,29.91
6169,29.60
6170,29.91
6171,30.81
6172,32.24
6173,34.10
6174,36.27
6175,38.60
6176,40.93
6177,43.10
6178,44.97
6179,46.41
6180,47.37
6181,47.93
6182,48.41
6183,49.44
6184,51.59
6185,54.64
6186,57.04
6187,56.60
6188,52.38
6189,45.64
6190,38.86
6191,33.85
6192,29.81
6193,29.51
6194,29.81
6195,30.71
6196,32.14
6197,34.01
6198,36.18
6199,38.51
6200,40.83
6201,43.01
6202,44.87
6203,46.31
6204,47.28
6205,47.84
6206,48.32
6207,49.34
6208,51.49
6209,54.55
6210,56.94
6211,56.51
6212,52.28
6213,45.55
6214,38.76
6215,33.75
6216,33.72
6217,33.41
6218,33.72
6219,34.62
6220,36.05
6221,37.91
6222,40.08
6223,42.41
6224,44.74
6225,46.91
6226,48.78
6227,50.22
6228,51.18
6229,51.74
6230,52.22
6231,53.25
6232,55.40
6233,58.45
6234,60.85
6235,60.41
6236,56.19
6237,49.45
6238,42.67
6239,37.66
6240,33.63
6241,33.32
6242,33.63
6243,34.53
6244,35.96
6245,37.82
6246,39.99
6247,42.32
6248,44.65
6249,46.82
6250,48.69
6251,50.13
6252,51.09
6253,51.65
6254,52.13
6255,53.16
6256,55.31
6257,58.36
6258,60.76
6259,60.32
6260,56.10
6261,49.36
6262,42.58
6263,37.57
6264,33.54
6265,33.23
6266,33.54
6267,34.44
6268,35.87
6269,37.73
6270,39.90
6271,42.23
6272,44.56
6273,46.73
6274,48.60
6275,50.04
6276,51.00
6277,51.56
6278,52.04
6279,53.07
6280,55.22
6281,58.27
6282,60.67
6283,60.23
6284,56.01
6285,49.27
6286,42.49
6287,37.48
6288,33.45
6289,33.15
6290,33.45
6291,34.35
6292,35.78
6293,37.65
6294,39.82
6295,42.15
6296,44.48
6297,46.65
6298,48.51
6299,49.95
6300,50.92
6301,51.48
6302,51.96
6303,52.98
6304,55.13
6305,58.19
6306,60.58
6307,60.15
6308,55.92
6309,49.19
6310,42.40
6311,37.39
6312,33.37
6313,33.06
6314,33.37
6315,34.27
6316,35.70
6317,37.56
6318,39.73
6319,42.06
6320,44.39
6321,46.56
6322,48.43
6323,49.87
6324,50.83
6325,51.39
6326,51.88
6327,52.90
6328,55.05
6329,58.10
6330,60.50
6331,60.06
6332,55.84
6333,49.10
6334,42.32
6335,37.31
6336,29.29
6337,28.98
6338,29.29
6339,30.19
6340,31.62
6341,33.48
6342,35.65
6343,37.98
6344,40.31
6345,42.48
6346,44.35
6347,45.79
6348,46.75
6349,47.31
6350,47.80
6351,48.82
6352,50.97
6353,54.02
6354,56.42
6355,55.98
6356,51.76
6357,45.02
6358,38.24
6359,33.23
6360,29.21
6361,28.91
6362,29.21
6363,30.11
6364,31.54
6365,33.41
6366,35.58
6367,37.91
6368,40.24
6369,42.41
6370,44.27
6371,45.72
6372,46.68
6373,47.24
6374,47.72
6375,48.74
6376,50.89
6377,53.95
6378,56.34
6379,55.91
6380,51.68
6381,44.95
6382,38.16
6383,33.15
6384,33.14
6385,32.83
6386,33.14
6387,34.04
6388,35.47
6389,37.33
6390,39.50
6391,41.83
6392,44.16
6393,46.33
6394,48.20
6395,49.64
6396,50.60
6397,51.16
6398,51.65
6399,52.67
6400,54.82
6401,57.87
6402,60.27
6403,59.83
6404,55.61
6405,48.87
6406,42.09
6407,37.08
6408,33.07
6409,32.76
6410,33.07
6411,33.97
6412,35.40
6413,37.26
6414,39.43
6415,41.76
6416,44.09
6417,46.26
6418,48.13
6419,49.57
6420,50.53
6421,51.09
6422,51.57
6423,52.60
6424,54.75
6425,57.80
6426,60.20
6427,59.76
6428,55.54
6429,48.80
6430,42.02
6431,37.01
6432,33.00
6433,32.69
6434,33.00
6435,33.90
6436,35.33
6437,37.19
6438,39.36
6439,41.69
6440,44.02
6441,46.19
6442,48.06
6443,49.50
6444,50.47
6445,51.02
6446,51.51
6447,52.53
6448,54.68
6449,57.74
6450,60.13
6451,59.69
6452,55.47
6453,48.74
6454,41.95
6455,36.94
6456,32.94
6457,32.63
6458,32.94
6459,33.84
6460,35.27
6461,37.13
6462,39.30
6463,41.63
6464,43.96
6465,46.13
6466,48.00
6467,49.44
6468,50.40
6469,50.96
6470,51.44
6471,52.47
6472,54.62
6473,57.67
6474,60.07
6475,59.63
6476,55.41
6477,48.67
6478,41.89
6479,36.88
6480,32.87
6481,32.57
6482,32.87
6483,33.77
6484,35.20
6485,37.07
6486,39.24
6487,41.57
6488,43.90
6489,46.07
6490,47.93
6491,49.38
6492,50.34
6493,50.90
6494,51.38
6495,52.40
6496,54.55
6497,57.61
6498,60.00
6499,59.57
6500,55.35
6501,48.61
6502,41.83
6503,36.82
6504,28.82
6505,28.51
6506,28.82
6507,29.72
6508,31.15
6509,33.01
6510,35.18
6511,37.51
6512,39.84
6513,42.01
6514,43.88
6515,45.32
6516,46.28
6517,46.84
6518,47.32
6519,48.35
6520,50.50
6521,53.55
6522,55.95
6523,55.51
6524,51.29
6525,44.55
6526,37.77
6527,32.76
6528,28.76
6529,28.45
6530,28.76
6531,29.66
6532,31.09
6533,32.95
6534,35.12
6535,37.45
6536,39.78
6537,41.95
6538,43.82
6539,45.26
6540,46.23
6541,46.78
6542,47.27
6543,48.29
6544,50.44
6545,53.50
6546,55.89
6547,55.45
6548,51.23
6549,44.50
6550,37.71
6551,32.70
6552,32.71
6553,32.40
6554,32.71
6555,33.61
6556,35.04
6557,36.90
6558,39.07
6559,41.40
6560,43.73
6561,45.90
6562,47.77
6563,49.21
6564,50.17
6565,50.73
6566,51.21
6567,52.24
6568,54.39
6569,57.44
6570,59.84
6571,59.40
6572,55.18
6573,48.44
6574,41.66
6575,36.65
6576,32.66
6577,32.35
6578,32.66
6579,33.56
6580,34.99
6581,36.85
6582,39.02
6583,41.35
6584,43.68
6585,45.85
6586,47.72
6587,49.16
6588,50.12
6589,50.68
6590,51.17
6591,52.19
6592,54.34
6593,57.39
6594,59.79
6595,59.35
6596,55.13
6597,48.39
6598,41.61
6599,36.60
6600,32.61
6601,32.31
6602,32.61
6603,33.51
6604,34.94
6605,36.81
6606,38.98
6607,41.31
6608,43.64
6609,45.81
6610,47.67
6611,49.12
6612,50.08
6613,50.64
6614,51.12
6615,52.14
6616,54.29
6617,57.35
6618,59.74
6619,59.31
6620,55.08
6621,48.35
6622,41.56
6623,36.55
6624,32.57
6625,32.26
6626,32.57
6627,33.47
6628,34.90
6629,36.76
6630,38.93
6631,41.26
6632,43.59
6633,45.76
6634,47.63
6635,49.07
6636,50.03
6637,50.59
6638,51.08
6639,52.10
6640,54.25
6641,57.31
6642,59.70
6643,59.26
6644,55.04
6645,48.31
6646,41.52
6647,36.51
6648,32.53
6649,32.22
6650,32.53
6651,33.43
6652,34.86
6653,36.72
6654,38.89
6655,41.22
6656,43.55
6657,45.72
6658,47.59
6659,49.03
6660,50.00
6661,50.55
6662,51.04
6663,52.06
6664,54.21
6665,57.27
6666,59.66
6667,59.22
6668,55.00
6669,48.27
6670,41.48
6671,36.47
6672,28.49
6673,28.19
6674,28.49
6675,29.39
6676,30.82
6677,32.69
6678,34.86
6679,37.19
6680,39.52
6681,41.69
6682,43.55
6683,45.00
6684,45.96
6685,46.52
6686,47.00
6687,48.02
6688,50.17
6689,53.23
6690,55.62
6691,55.19
6692,50.97
6693,44.23
6694,37.45
6695,32.44
6696,28.46
6697,28.15
6698,28.46
6699,29.36
6700,30.79
6701,32.65
6702,34.83
6703,37.15
6704,39.48
6705,41.65
6706,43.52
6707,44.96
6708,45.93
6709,46.48
6710,46.97
6711,47.99
6712,50.14
6713,53.20
6714,55.59
6715,55.15
6716,50.93
6717,44.20
6718,37.41
6719,32.40
6720,32.43
6721,32.12
6722,32.43
6723,33.33
6724,34.76
6725,36.62
6726,38.80
6727,41.12
6728,43.45
6729,45.62
6730,47.49
6731,48.93
6732,49.90
6733,50.45
6734,50.94
6735,51.96
6736,54.11
6737,57.17
6738,59.56
6739,59.12
6740,54.90
6741,48.17
6742,41.38
6743,36.37
6744,32.40
6745,32.10
6746,32.40
6747,33.30
6748,34.73
6749,36.60
6750,38.77
6751,41.10
6752,43.43
6753,45.60
6754,47.46
6755,48.91
6756,49.87
6757,50.43
6758,50.91
6759,51.93
6760,54.08
6761,57.14
6762,59.53
6763,59.10
6764,54.88
6765,48.14
6766,41.36
6767,36.35
6768,32.38
6769,32.07
6770,32.38
6771,33.28
6772,34.71
6773,36.57
6774,38.74
6775,41.07
6776,43.40
6777,45.57
6778,47.44
6779,48.88
6780,49.85
6781,50.40
6782,50.89
6783,51.91
6784,54.06
6785,57.12
6786,59.51
6787,59.07
6788,54.85
6789,48.12
6790,41.33
6791,36.32
6792,32.36
6793,32.05
6794,32.36
6795,33.26
6796,34.69
6797,36.55
6798,38.72
6799,41.05
6800,43.38
6801,45.55
6802,47.42
6803,48.86
6804,49.82
6805,50.38
6806,50.87
6807,51.89
6808,54.04
6809,57.10
6810,59.49
6811,59.05
6812,54.83
6813,48.10
6814,41.31
6815,36.30
6816,32.34
6817,32.04
6818,32.34
6819,33.24
6820,34.67
6821,36.54
6822,38.71
6823,41.04
6824,43.37
6825,45.54
6826,47.40
6827,48.85
6828,49.81
6829,50.37
6830,50.85
6831,51.87
6832,54.02
6833,57.08
6834,59.47
6835,59.04
6836,54.81
6837,48.08
6838,41.29
6839,36.28
6840,28.33
6841,28.02
6842,28.33
6843,29.23
6844,30.66
6845,32.52
6846,34.69
6847,37.02
6848,39.35
6849,41.52
6850,43.39
6851,44.83
6852,45.79
6853,46.35
6854,46.84
6855,47.86
6856,50.01
6857,53.06
6858,55.46
6859,55.02
6860,50.80
6861,44.06
6862,37.28
6863,32.27
6864,28.32
6865,28.01
6866,28.32
6867,29.22
6868,30.65
6869,32.51
6870,34.68
6871,37.01
6872,39.34
6873,41.51
6874,43.38
6875,44.82
6876,45.78
6877,46.34
6878,46.82
6879,47.85
6880,50.00
6881,53.05
6882,55.45
6883,55.01
6884,50.79
6885,44.05
6886,37.27
6887,32.26
6888,32.31
6889,32.00
6890,32.31
6891,33.21
6892,34.64
6893,36.50
6894,38.68
6895,41.00
6896,43.33
6897,45.51
6898,47.37
6899,48.81
6900,49.78
6901,50.33
6902,50.82
6903,51.84
6904,53.99
6905,57.05
6906,59.44
6907,59.00
6908,54.78
6909,48.05
6910,41.26
6911,36.25
6912,32.31
6913,32.00
6914,32.31
6915,33.21
6916,34.64
6917,36.50
6918,38.67
6919,41.00
6920,43.33
6921,45.50
6922,47.37
6923,48.81
6924,49.77
6925,50.33
6926,50.81
6927,51.84
6928,53.99
6929,57.04
6930,59.44
6931,59.00
6932,54.78
6933,48.04
6934,41.26
6935,36.25
6936,32.31
6937,32.00
6938,32.31
6939,33.21
6940,34.64
6941,36.50
6942,38.67
6943,41.00
6944,43.33
6945,45.50
6946,47.37
6947,48.81
6948,49.77
6949,50.33
6950,50.81
6951,51.84
6952,53.99
6953,57.04
6954,59.44
6955,59.00
6956,54.78
6957,48.04
6958,41.26
6959,36.25
6960,32.31
6961,32.00
6962,32.31
6963,33.21
6964,34.64
6965,36.50
6966,38.67
6967,41.00
6968,43.33
6969,45.50
6970,47.37
6971,48.81
6972,49.77
6973,50.33
6974,50.82
6975,51.84
6976,53.99
6977,57.04
6978,59.44
6979,59.00
6980,54.78
6981,48.04
6982,41.26
6983,36.25
6984,32.31
6985,32.01
6986,32.31
6987,33.21
6988,34.64
6989,36.51
6990,38.68
6991,41.01
6992,43.34
6993,45.51
6994,47.37
6995,48.82
6996,49.78
6997,50.34
6998,50.82
6999,51.84
7000,53.99
7001,57.05
7002,59.44
7003,59.01
7004,54.79
7005,48.05
7006,41.27
7007,36.26
7008,28.32
7009,28.02
7010,28.32
7011,29.22
7012,30.65
7013,32.52
7014,34.69
7015,37.02
7016,39.35
7017,41.52
7018,43.38
7019,44.83
7020,45.79
7021,46.35
7022,46.83
7023,47.85
7024,50.00
7025,53.06
7026,55.45
7027,55.02
7028,50.79
7029,44.06
7030,37.28
7031,32.27
7032,28.34
7033,28.03
7034,28.34
7035,29.24
7036,30.67
7037,32.53
7038,34.70
7039,37.03
7040,39.36
7041,41.53
7042,43.40
7043,44.84
7044,45.80
7045,46.36
7046,46.84
7047,47.87
7048,50.02
7049,53.07
7050,55.47
7051,55.03
7052,50.81
7053,44.07
7054,37.29
7055,32.28
7056,32.35
7057,32.04
7058,32.35
7059,33.25
7060,34.68
7061,36.54
7062,38.72
7063,41.04
7064,43.37
7065,45.55
7066,47.41
7067,48.85
7068,49.82
7069,50.37
7070,50.86
7071,51.88
7072,54.03
7073,57.09
7074,59.48
7075,59.04
7076,54.82
7077,48.09
7078,41.30
7079,36.29
7080,32.37
7081,32.06
7082,32.37
7083,33.27
7084,34.70
7085,36.56
7086,38.73
7087,41.06
7088,43.39
7089,45.56
7090,47.43
7091,48.87
7092,49.83
7093,50.39
7094,50.88
7095,51.90
7096,54.05
7097,57.10
7098,59.50
7099,59.06
7100,54.84
7101,48.10
7102,41.32
7103,36.31
7104,32.39
7105,32.09
7106,32.39
7107,33.29
7108,34.72
7109,36.59
7110,38.76
7111,41.09
7112,43.41
7113,45.59
7114,47.45
7115,48.89
7116,49.86
7117,50.42
7118,50.90
7119,51.92
7120,54.07
7121,57.13
7122,59.52
7123,59.09
7124,54.86
7125,48.13
7126,41.34
7127,36.33
7128,32.42
7129,32.11
7130,32.42
7131,33.32
7132,34.75
7133,36.61
7134,38.78
7135,41.11
7136,43.44
7137,45.61
7138,47.48
7139,48.92
7140,49.88
7141,50.44
7142,50.92
7143,51.95
7144,54.10
7145,57.15
7146,59.55
7147,59.11
7148,54.89
7149,48.15
7150,41.37
7151,36.36
7152,32.45
7153,32.14
7154,32.45
7155,33.34
7156,34.78
7157,36.64
7158,38.81
7159,41.14
7160,43.47
7161,45.64
7162,47.51
7163,48.95
7164,49.91
7165,50.47
7166,50.95
7167,51.98
7168,54.12
7169,57.18
7170,59.58
7171,59.14
7172,54.92
7173,48.18
7174,41.40
7175,36.39
7176,28.48
7177,28.17
7178,28.48
7179,29.38
7180,30.81
7181,32.67
7182,34.84
7183,37.17
7184,39.50
7185,41.67
7186,43.54
7187,44.98
7188,45.94
7189,46.50
7190,46.98
7191,48.01
7192,50.16
7193,53.21
7194,55.61
7195,55.17
7196,50.95
7197,44.21
7198,37.43
7199,32.42
7200,28.51
7201,28.21
7202,28.51
7203,29.41
7204,30.84
7205,32.71
7206,34.88
7207,37.21
7208,39.54
7209,41.71
7210,43.57
7211,45.01
7212,45.98
7213,46.54
7214,47.02
7215,48.04
7216,50.19
7217,53.25
7218,55.64
7219,55.21
7220,50.98
7221,44.25
7222,37.46
7223,32.45
7224,32.55
7225,32.24
7226,32.55
7227,33.45
7228,34.88
7229,36.74
7230,38.91
7231,41.24
7232,43.57
7233,45.74
7234,47.61
7235,49.05
7236,50.01
7237,50.57
7238,51.06
7239,52.08
7240,54.23
7241,57.28
7242,59.68
7243,59.24
7244,55.02
7245,48.28
7246,41.50
7247,36.49
7248,32.59
7249,32.28
7250,32.59
7251,33.49
7252,34.92
7253,36.78
7254,38.96
7255,41.28
7256,43.61
7257,45.79
7258,47.65
7259,49.09
7260,50.06
7261,50.61
7262,51.10
7263,52.12
7264,54.27
7265,57.33
7266,59.72
7267,59.28
7268,55.06
7269,48.33
7270,41.54
7271,36.53
7272,32.64
7273,32.33
7274,32.64
7275,33.54
7276,34.97
7277,36.83
7278,39.00
7279,41.33
7280,43.66
7281,45.83
7282,47.70
7283,49.14
7284,50.10
7285,50.66
7286,51.14
7287,52.17
7288,54.32
7289,57.37
7290,59.77
7291,59.33
7292,55.11
7293,48.37
7294,41.59
7295,36.58
7296,32.68
7297,32.38
7298,32.68
7299,33.58
7300,35.01
7301,36.88
7302,39.05
7303,41.38
7304,43.71
7305,45.88
7306,47.74
7307,49.19
7308,50.15
7309,50.71
7310,51.19
7311,52.21
7312,54.36
7313,57.42
7314,59.81
7315,59.38
7316,55.15
7317,48.42
7318,41.63
7319,36.62
7320,32.73
7321,32.43
7322,32.73
7323,33.63
7324,35.06
7325,36.93
7326,39.10
7327,41.43
7328,43.76
7329,45.93
7330,47.79
7331,49.24
7332,50.20
7333,50.76
7334,51.24
7335,52.26
7336,54.41
7337,57.47
7338,59.86
7339,59.43
7340,55.21
7341,48.47
7342,41.69
7343,36.68
7344,28.79
7345,28.48
7346,28.79
7347,29.69
7348,31.12
7349,32.98
7350,35.15
7351,37.48
7352,39.81
7353,41.98
7354,43.85
7355,45.29
7356,46.25
7357,46.81
7358,47.29
7359,48.32
7360,50.47
7361,53.52
7362,55.92
7363,55.48
7364,51.26
7365,44.52
7366,37.74
7367,32.73
7368,28.85
7369,28.54
7370,28.85
7371,29.74
7372,31.17
7373,33.04
7374,35.21
7375,37.54
7376,39.87
7377,42.04
7378,43.90
7379,45.35
7380,46.31
7381,46.87
7382,47.35
7383,48.37
7384,50.52
7385,53.58
7386,55.97
7387,55.54
7388,51.32
7389,44.58
7390,37.80
7391,32.79
7392,32.91
7393,32.60
7394,32.91
7395,33.80
7396,35.23
7397,37.10
7398,39.27
7399,41.60
7400,43.93
7401,46.10
7402,47.96
7403,49.41
7404,50.37
7405,50.93
7406,51.41
7407,52.43
7408,54.58
7409,57.64
7410,60.03
7411,59.60
7412,55.38
7413,48.64
7414,41.86
7415,36.85
7416,32.97
7417,32.66
7418,32.97
7419,33.87
7420,35.30
7421,37.16
7422,39.33
7423,41.66
7424,43.99
7425,46.16
7426,48.03
7427,49.47
7428,50.43
7429,50.99
7430,51.47
7431,52.50
7432,54.65
7433,57.70
7434,60.10
7435,59.66
7436,55.44
7437,48.70
7438,41.92
7439,36.91
7440,33.03
7441,32.73
7442,33.03
7443,33.93
7444,35.36
7445,37.23
7446,39.40
7447,41.73
7448,44.06
7449,46.23
7450,48.09
7451,49.54
7452,50.50
7453,51.06
7454,51.54
7455,52.56
7456,54.71
7457,57.77
7458,60.16
7459,59.73
7460,55.51
7461,48.77
7462,41.99
7463,36.98
7464,33.10
7465,32.80
7466,33.10
7467,34.00
7468,35.43
7469,37.30
7470,39.47
7471,41.80
7472,44.13
7473,46.30
7474,48.16
7475,49.61
7476,50.57
7477,51.13
7478,51.61
7479,52.63
7480,54.78
7481,57.84
7482,60.23
7483,59.80
7484,55.57
7485,48.84
7486,42.05
7487,37.05
7488,33.18
7489,32.87
7490,33.18
7491,34.08
7492,35.51
7493,37.37
7494,39.54
7495,41.87
7496,44.20
7497,46.37
7498,48.24
7499,49.68
7500,50.64
7501,51.20
7502,51.68
7503,52.71
7504,54.86
7505,57.91
7506,60.31
7507,59.87
7508,55.65
7509,48.91
7510,42.13
7511,37.12
7512,29.25
7513,28.94
7514,29.25
7515,30.15
7516,31.58
7517,33.44
7518,35.62
7519,37.94
7520,40.27
7521,42.44
7522,44.31
7523,45.75
7524,46.72
7525,47.27
7526,47.76
7527,48.78
7528,50.93
7529,53.99
7530,56.38
7531,55.94
7532,51.72
7533,44.99
7534,38.20
7535,33.19
7536,29.33
7537,29.02
7538,29.33
7539,30.23
7540,31.66
7541,33.52
7542,35.69
7543,38.02
7544,40.35
7545,42.52
7546,44.39
7547,45.83
7548,46.79
7549,47.35
7550,47.84
7551,48.86
7552,51.01
7553,54.06
7554,56.46
7555,56.02
7556,51.80
7557,45.06
7558,38.28
7559,33.27
7560,33.41
7561,33.10
7562,33.41
7563,34.31
7564,35.74
7565,37.60
7566,39.77
7567,42.10
7568,44.43
7569,46.60
7570,48.47
7571,49.91
7572,50.88
7573,51.43
7574,51.92
7575,52.94
7576,55.09
7577,58.15
7578,60.54
7579,60.10
7580,55.88
7581,49.15
7582,42.36
7583,37.35
7584,33.49
7585,33.19
7586,33.49
7587,34.39
7588,35.82
7589,37.69
7590,39.86
7591,42.19
7592,44.52
7593,46.69
7594,48.55
7595,50.00
7596,50.96
7597,51.52
7598,52.00
7599,53.02
7600,55.17
7601,58.23
7602,60.62
7603,60.19
7604,55.97
7605,49.23
7606,42.45
7607,37.44
7608,33.58
7609,33.28
7610,33.58
7611,34.48
7612,35.91
7613,37.78
7614,39.95
7615,42.28
7616,44.60
7617,46.78
7618,48.64
7619,50.08
7620,51.05
7621,51.60
7622,52.09
7623,53.11
7624,55.26
7625,58.32
7626,60.71
7627,60.28
7628,56.05
7629,49.32
7630,42.53
7631,37.52
7632,33.67
7633,33.37
7634,33.67
7635,34.57
7636,36.00
7637,37.87
7638,40.04
7639,42.37
7640,44.69
7641,46.87
7642,48.73
7643,50.17
7644,51.14
7645,51.69
7646,52.18
7647,53.20
7648,55.35
7649,58.41
7650,60.80
7651,60.37
7652,56.14
7653,49.41
7654,42.62
7655,37.61
7656,33.76
7657,33.46
7658,33.76
7659,34.66
7660,36.09
7661,37.96
7662,40.13
7663,42.46
7664,44.79
7665,46.96
7666,48.82
7667,50.27
7668,51.23
7669,51.79
7670,52.27
7671,53.29
7672,55.44
7673,58.50
7674,60.89
7675,60.46
7676,56.24
7677,49.50
7678,42.72
7679,37.71
7680,29.86
7681,29.55
7682,29.86
7683,30.76
7684,32.19
7685,34.05
7686,36.22
7687,38.55
7688,40.88
7689,43.05
7690,44.92
7691,46.36
7692,47.32
7693,47.88
7694,48.37
7695,49.39
7696,51.54
7697,54.59
7698,56.99
7699,56.55
7700,52.33
7701,45.59
7702,38.81
7703,33.80
7704,29.96
7705,29.65
7706,29.96
7707,30.86
7708,32.29
7709,34.15
7710,36.32
7711,38.65
7712,40.98
7713,43.15
7714,45.02
7715,46.46
7716,47.42
7717,47.98
7718,48.46
7719,49.49
7720,51.64
7721,54.69
7722,57.09
7723,56.65
7724,52.43
7725,45.69
7726,38.91
7727,33.90
7728,34.06
7729,33.75
7730,34.06
7731,34.96
7732,36.39
7733,38.25
7734,40.42
7735,42.75
7736,45.08
7737,47.25
7738,49.12
7739,50.56
7740,51.52
7741,52.08
7742,52.57
7743,53.59
7744,55.74
7745,58.79
7746,61.19
7747,60.75
7748,56.53
7749,49.79
7750,43.01
7751,38.00
7752,34.16
7753,33.86
7754,34.16
7755,35.06
7756,36.49
7757,38.36
7758,40.53
7759,42.86
7760,45.19
7761,47.36
7762,49.22
7763,50.67
7764,51.63
7765,52.19
7766,52.67
7767,53.69
7768,55.84
7769,58.90
7770,61.29
7771,60.86
7772,56.63
7773,49.90
7774,43.11
7775,38.11
7776,34.27
7777,33.96
7778,34.27
7779,35.17
7780,36.60
7781,38.46
7782,40.63
7783,42.96
7784,45.29
7785,47.46
7786,49.33
7787,50.77
7788,51.73
7789,52.29
7790,52.78
7791,53.80
7792,55.95
7793,59.01
7794,61.40
7795,60.96
7796,56.74
7797,50.01
7798,43.22
7799,38.21
7800,34.38
7801,34.07
7802,34.38
7803,35.28
7804,36.71
7805,38.57
7806,40.74
7807,43.07
7808,45.40
7809,47.57
7810,49.44
7811,50.88
7812,51.84
7813,52.40
7814,52.89
7815,53.91
7816,56.06
7817,59.11
7818,61.51
7819,61.07
7820,56.85
7821,50.11
7822,43.33
7823,38.32
7824,34.49
7825,34.19
7826,34.49
7827,35.39
7828,36.82
7829,38.69
7830,40.86
7831,43.19
7832,45.51
7833,47.69
7834,49.55
7835,50.99
7836,51.96
7837,52.51
7838,53.00
7839,54.02
7840,56.17
7841,59.23
7842,61.62
7843,61.19
7844,56.96
7845,50.23
7846,43.44
7847,38.43
7848,30.61
7849,30.30
7850,30.61
7851,31.51
7852,32.94
7853,34.80
7854,36.97
7855,39.30
7856,41.63
7857,43.80
7858,45.67
7859,47.11
7860,48.07
7861,48.63
7862,49.11
7863,50.14
7864,52.29
7865,55.34
7866,57.74
7867,57.30
7868,53.08
7869,46.34
7870,39.56
7871,34.55
7872,30.72
7873,30.42
7874,30.72
7875,31.62
7876,33.05
7877,34.92
7878,37.09
7879,39.42
7880,41.75
7881,43.92
7882,45.78
7883,47.23
7884,48.19
7885,48.75
7886,49.23
7887,50.25
7888,52.40
7889,55.46
7890,57.85
7891,57.42
7892,53.19
7893,46.46
7894,39.67
7895,34.66
7896,34.84
7897,34.54
7898,34.84
7899,35.74
7900,37.17
7901,39.04
7902,41.21
7903,43.54
7904,45.87
7905,48.04
7906,49.90
7907,51.35
7908,52.31
7909,52.87
7910,53.35
7911,54.37
7912,56.52
7913,59.58
7914,61.97
7915,61.54
7916,57.31
7917,50.58
7918,43.79
7919,38.78
7920,34.97
7921,34.66
7922,34.97
7923,35.86
7924,37.29
7925,39.16
7926,41.33
7927,43.66
7928,45.99
7929,48.16
7930,50.02
7931,51.47
7932,52.43
7933,52.99
7934,53.47
7935,54.50
7936,56.64
7937,59.70
7938,62.10
7939,61.66
7940,57.44
7941,50.70
7942,43.92
7943,38.91
7944,35.09
7945,34.78
7946,35.09
7947,35.99
7948,37.42
7949,39.28
7950,41.45
7951,43.78
7952,46.11
7953,48.28
7954,50.15
7955,51.59
7956,52.55
7957,53.11
7958,53.60
7959,54.62
7960,56.77
7961,59.82
7962,62.22
7963,61.78
7964,57.56
7965,50.82
7966,44.04
7967,39.03
7968,35.22
7969,34.91
7970,35.22
7971,36.12
7972,37.55
7973,39.41
7974,41.58
7975,43.91
7976,46.24
7977,48.41
7978,50.28
7979,51.72
7980,52.68
7981,53.24
7982,53.72
7983,54.75
7984,56.90
7985,59.95
7986,62.35
7987,61.91
7988,57.69
7989,50.95
7990,44.17
7991,39.16
7992,35.35
7993,35.04
7994,35.35
7995,36.25
7996,37.68
7997,39.54
7998,41.71
7999,44.04
8000,46.37
8001,48.54
8002,50.41
8003,51.85
8004,52.81
8005,53.37
8006,53.85
8007,54.88
8008,57.03
8009,60.08
8010,62.48
8011,62.04
8012,57.82
8013,51.08
8014,44.30
8015,39.29
8016,31.48
8017,31.17
8018,31.48
8019,32.38
8020,33.81
8021,35.67
8022,37.84
8023,40.17
8024,42.50
8025,44.67
8026,46.54
8027,47.98
8028,48.94
8029,49.50
8030,49.98
8031,51.01
8032,53.16
8033,56.21
8034,58.61
8035,58.17
8036,53.95
8037,47.21
8038,40.43
8039,35.42
8040,31.61
8041,31.31
8042,31.61
8043,32.51
8044,33.94
8045,35.81
8046,37.98
8047,40.31
8048,42.64
8049,44.81
8050,46.67
8051,48.11
8052,49.08
8053,49.64
8054,50.12
8055,51.14
8056,53.29
8057,56.35
8058,58.74
8059,58.31
8060,54.08
8061,47.35
8062,40.56
8063,35.55
8064,35.75
8065,35.44
8066,35.75
8067,36.65
8068,38.08
8069,39.94
8070,42.11
8071,44.44
8072,46.77
8073,48.94
8074,50.81
8075,52.25
8076,53.21
8077,53.77
8078,54.25
8079,55.28
8080,57.43
8081,60.48
8082,62.88
8083,62.44
8084,58.22
8085,51.48
8086,44.70
8087,39.69
8088,35.89
8089,35.58
8090,35.89
8091,36.79
8092,38.22
8093,40.08
8094,42.25
8095,44.58
8096,46.91
8097,49.08
8098,50.95
8099,52.39
8100,53.35
8101,53.91
8102,54.39
8103,55.42
8104,57.57
8105,60.62
8106,63.02
8107,62.58
8108,58.36
8109,51.62
8110,44.84
8111,39.83
8112,36.03
8113,35.72
8114,36.03
8115,36.93
8116,38.36
8117,40.22
8118,42.39
8119,44.72
8120,47.05
8121,49.22
8122,51.09
8123,52.53
8124,53.49
8125,54.05
8126,54.53
8127,55.56
8128,57.71
8129,60.76
8130,63.16
8131,62.72
8132,58.50
8133,51.76
8134,44.98
8135,39.97
8136,36.17
8137,35.87
8138,36.17
8139,37.07
8140,38.50
8141,40.37
8142,42.54
8143,44.87
8144,47.19
8145,49.37
8146,51.23
8147,52.67
8148,53.64
8149,54.19
8150,54.68
8151,55.70
8152,57.85
8153,60.91
8154,63.30
8155,62.87
8156,58.64
8157,51.91
8158,45.12
8159,40.11
8160,36.32
8161,36.01
8162,36.32
8163,37.22
8164,38.65
8165,40.51
8166,42.68
8167,45.01
8168,47.34
8169,49.51
8170,51.38
8171,52.82
8172,53.78
8173,54.34
8174,54.82
8175,55.85
8176,58.00
8177,61.05
8178,63.45
8179,63.01
8180,58.79
8181,52.05
8182,45.27
8183,40.26
8184,32.46
8185,32.16
8186,32.46
8187,33.36
8188,34.79
8189,36.66
8190,38.83
8191,41.16
8192,43.49
8193,45.66
8194,47.52
8195,48.97
8196,49.93
8197,50.49
8198,50.97
8199,51.99
8200,54.14
8201,57.20
8202,59.59
8203,59.16
8204,54.94
8205,48.20
8206,41.42
8207,36.41
8208,32.61
8209,32.31
8210,32.61
8211,33.51
8212,34.94
8213,36.81
8214,38.98
8215,41.31
8216,43.64
8217,45.81
8218,47.67
8219,49.12
8220,50.08
8221,50.64
8222,51.12
8223,52.14
8224,54.29
8225,57.35
8226,59.74
8227,59.31
8228,55.08
8229,48.35
8230,41.56
8231,36.55
8232,36.76
8233,36.46
8234,36.76
8235,37.66
8236,39.09
8237,40.96
8238,43.13
8239,45.46
8240,47.79
8241,49.96
8242,51.82
8243,53.27
8244,54.23
8245,54.79
8246,55.27
8247,56.29
8248,58.44
8249,61.50
8250,63.89
8251,63.46
8252,59.24
8253,52.50
8254,45.72
8255,40.71
8256,36.92
8257,36.61
8258,36.92
8259,37.82
8260,39.25
8261,41.11
8262,43.28
8263,45.61
8264,47.94
8265,50.11
8266,51.98
8267,53.42
8268,54.38
8269,54.94
8270,55.42
8271,56.45
8272,58.60
8273,61.65
8274,64.05
8275,63.61
8276,59.39
8277,52.65
8278,45.87
8279,40.86
8280,37.07
8281,36.77
8282,37.07
8283,37.97
8284,39.40
8285,41.27
8286,43.44
8287,45.77
8288,48.10
8289,50.27
8290,52.13
8291,53.58
8292,54.54
8293,55.10
8294,55.58
8295,56.60
8296,58.75
8297,61.81
8298,64.20
8299,63.77
8300,59.54
8301,52.81
8302,46.02
8303,41.01
8304,37.23
8305,36.92
8306,37.23
8307,38.13
8308,39.56
8309,41.42
8310,43.59
8311,45.92
8312,48.25
8313,50.42
8314,52.29
8315,53.73
8316,54.69
8317,55.25
8318,55.74
8319,56.76
8320,58.91
8321,61.96
8322,64.36
8323,63.92
8324,59.70
8325,52.96
8326,46.18
8327,41.17
8328,37.39
8329,37.08
8330,37.39
8331,38.29
8332,39.72
8333,41.58
8334,43.75
8335,46.08
8336,48.41
8337,50.58
8338,52.45
8339,53.89
8340,54.85
8341,55.41
8342,55.89
8343,56.92
8344,59.07
8345,62.12
8346,64.52
8347,64.08
8348,59.86
8349,53.12
8350,46.34
8351,41.33
8352,33.55
8353,33.24
8354,33.55
8355,34.45
8356,35.88
8357,37.74
8358,39.91
8359,42.24
8360,44.57
8361,46.74
8362,48.61
8363,50.05
8364,51.01
8365,51.57
8366,52.05
8367,53.08
8368,55.23
8369,58.28
8370,60.68
8371,60.24
8372,56.02
8373,49.28
8374,42.50
8375,37.49
8376,33.71
8377,33.40
8378,33.71
8379,34.61
8380,36.04
8381,37.90
8382,40.08
8383,42.40
8384,44.73
8385,46.90
8386,48.77
8387,50.21
8388,51.18
8389,51.73
8390,52.22
8391,53.24
8392,55.39
8393,58.45
8394,60.84
8395,60.40
8396,56.18
8397,49.45
8398,42.66
8399,37.65
8400,37.88
8401,37.57
8402,37.88
8403,38.77
8404,40.20
8405,42.07
8406,44.24
8407,46.57
8408,48.90
8409,51.07
8410,52.93
8411,54.38
8412,55.34
8413,55.90
8414,56.38
8415,57.40
8416,59.55
8417,62.61
8418,65.00
8419,64.57
8420,60.35
8421,53.61
8422,46.83
8423,41.82
8424,38.04
8425,37.73
8426,38.04
8427,38.94
8428,40.37
8429,42.23
8430,44.40
8431,46.73
8432,49.06
8433,51.23
8434,53.10
8435,54.54
8436,55.51
8437,56.06
8438,56.55
8439,57.57
8440,59.72
8441,62.78
8442,65.17
8443,64.73
8444,60.51
8445,53.78
8446,46.99
8447,41.98
8448,38.21
8449,37.90
8450,38.21
8451,39.11
8452,40.54
8453,42.40
8454,44.57
8455,46.90
8456,49.23
8457,51.40
8458,53.27
8459,54.71
8460,55.67
8461,56.23
8462,56.71
8463,57.74
8464,59.89
8465,62.94
8466,65.34
8467,64.90
8468,60.68
8469,53.94
8470,47.16
8471,42.15
8472,38.38
8473,38.07
8474,38.38
8475,39.28
8476,40.71
8477,42.57
8478,44.74
8479,47.07
8480,49.40
8481,51.57
8482,53.44
8483,54.88
8484,55.84
8485,56.40
8486,56.88
8487,57.91
8488,60.06
8489,63.11
8490,65.51
8491,65.07
8492,60.85
8493,54.11
8494,47.33
8495,42.32
8496,38.55
8497,38.24
8498,38.55
8499,39.45
8500,40.88
8501,42.74
8502,44.91
8503,47.24
8504,49.57
8505,51.74
8506,53.61
8507,55.05
8508,56.01
8509,56.57
8510,57.05
8511,58.08
8512,60.23
8513,63.28
8514,65.68
8515,65.24
8516,61.02
8517,54.28
8518,47.50
8519,42.49
8520,34.72
8521,34.41
8522,34.72
8523,35.62
8524,37.05
8525,38.91
8526,41.08
8527,43.41
8528,45.74
8529,47.91
8530,49.78
8531,51.22
8532,52.18
8533,52.74
8534,53.22
8535,54.25
8536,56.40
8537,59.45
8538,61.85
8539,61.41
8540,57.19
8541,50.45
8542,43.67
8543,38.66
8544,34.89
8545,34.58
8546,34.89
8547,35.79
8548,37.22
8549,39.08
8550,41.25
8551,43.58
8552,45.91
8553,48.08
8554,49.95
8555,51.39
8556,52.35
8557,52.91
8558,53.40
8559,54.42
8560,56.57
8561,59.62
8562,62.02
8563,61.58
8564,57.36
8565,50.62
8566,43.84
8567,38.83
8568,39.06
8569,38.76
8570,39.06
8571,39.96
8572,41.39
8573,43.26
8574,45.43
8575,47.76
8576,50.09
8577,52.26
8578,54.12
8579,55.57
8580,56.53
8581,57.09
8582,57.57
8583,58.59
8584,60.74
8585,63.80
8586,66.19
8587,65.76
8588,61.54
8589,54.80
8590,48.02
8591,43.01
8592,39.24
8593,38.93
8594,39.24
8595,40.14
8596,41.57
8597,43.43
8598,45.60
8599,47.93
8600,50.26
8601,52.43
8602,54.30
8603,55.74
8604,56.70
8605,57.26
8606,57.75
8607,58.77
8608,60.92
8609,63.97
8610,66.37
8611,65.93
8612,61.71
8613,54.97
8614,48.19
8615,43.18
8616,39.42
8617,39.11
8618,39.42
8619,40.32
8620,41.75
8621,43.61
8622,45.78
8623,48.11
8624,50.44
8625,52.61
8626,54.48
8627,55.92
8628,56.88
8629,57.44
8630,57.92
8631,58.95
8632,61.10
8633,64.15
8634,66.55
8635,66.11
8636,61.89
8637,55.15
8638,48.37
8639,43.36
8640,39.59
8641,39.29
8642,39.59
8643,40.49
8644,41.92
8645,43.79
8646,45.96
8647,48.29
8648,50.62
8649,52.79
8650,54.65
8651,56.10
8652,57.06
8653,57.62
8654,58.10
8655,59.12
8656,61.27
8657,64.33
8658,66.72
8659,66.29
8660,62.06
8661,55.33
8662,48.55
8663,43.54
8664,39.77
8665,39.47
8666,39.77
8667,40.67
8668,42.10
8669,43.97
8670,46.14
8671,48.47
8672,50.80
8673,52.97
8674,54.83
8675,56.27
8676,57.24
8677,57.80
8678,58.28
8679,59.30
8680,61.45
8681,64.51
8682,66.90
8683,66.47
8684,62.24
8685,55.51
8686,48.72
8687,43.71
8688,35.95
8689,35.65
8690,35.95
8691,36.85
8692,38.28
8693,40.15
8694,42.32
8695,44.65
8696,46.98
8697,49.15
8698,51.01
8699,52.45
8700,53.42
8701,53.98
8702,54.46
8703,55.48
8704,57.63
8705,60.69
8706,63.08
8707,62.65
8708,58.42
8709,51.69
8710,44.90
8711,39.89
8712,36.13
8713,35.83
8714,36.13
8715,37.03
8716,38.46
8717,40.33
8718,42.50
8719,44.83
8720,47.16
8721,49.33
8722,51.19
8723,52.64
8724,53.60
8725,54.16
8726,54.64
8727,55.66
8728,57.81
8729,60.87
8730,63.26
8731,62.83
8732,58.60
8733,51.87
8734,45.08
8735,40.07
8736,40.32
8737,40.01
8738,40.32
8739,41.21
8740,42.64
8741,44.51
8742,46.68
8743,49.01
8744,51.34
8745,53.51
8746,55.37
8747,56.82
8748,57.78
8749,58.34
8750,58.82
8751,59.84
8752,61.99
8753,65.05
8754,67.44
8755,67.01
8756,62.79
8757,56.05
8758,49.27
8759,44.26
